customer_id,customer_firstname,customer_lastname,customer_email
4ad25291-d490-4675-94eb-428bd97e4802,Rebecca,Black,rblack0@zimbio.com
da4b1712-80eb-49ad-b28f-c1f7e381e4eb,Heather,Sanchez,hsanchez1@princeton.edu
32a416cb-6549-4723-a415-c9136e7a9989,Johnny,Lee,jlee2@hud.gov
a1a6126c-813e-4ac2-b939-4c6d183732d5,Lois,Murray,lmurray3@usatoday.com
e167e5f6-c243-4e6d-bfc9-f924e9f795c8,Betty,Freeman,bfreeman4@thetimes.co.uk
f5d73cef-5019-4a6b-8e75-bafa0e505204,Michelle,Boyd,mboyd5@bing.com
719ab275-aa1a-46fe-afcd-5c53ca735627,Louis,Little,llittle6@bravesites.com
56c7ad33-435a-4488-a0de-8ba4ee73d294,Sharon,Green,sgreen7@mail.ru
9658e9d0-163a-4c54-a295-61bc3e12d911,Laura,Lane,llane8@sourceforge.net
2388d028-ff87-476e-af2b-fd464c67e1bb,Jimmy,Cole,jcole9@youtu.be
5e8bf25f-e10e-4209-83a9-857130c96586,Bonnie,Ferguson,bfergusona@ycombinator.com
0c3cd86c-621d-4516-9e8c-f5850030e0d6,Irene,Reyes,ireyesb@acquirethisname.com
85866655-929c-4b30-89d5-8f365c946806,Gregory,Armstrong,garmstrongc@wikipedia.org
18653c91-7c4c-45a8-9877-8e9c14268e52,Cheryl,Ramirez,cramirezd@mit.edu
cbe4ccb5-0c79-4dba-8f60-1a2d44ce5aa4,Andrea,Kelley,akelleye@zdnet.com
6046ea81-4a58-4046-abc7-ec329d207864,Robin,Ortiz,rortizf@g.co
05d78d4e-f782-43a9-813a-d8d3eff06ef6,Shawn,Ray,srayg@ucoz.ru
9ebe06cd-a6ec-4152-ae09-82a8baf72c53,Craig,Freeman,cfreemanh@jugem.jp
26a26d8e-d392-4b83-ba5c-99dd9605665a,Fred,Wells,fwellsi@lycos.com
e3a07260-8763-4b37-8312-b07600a4bd30,Ralph,Ryan,rryanj@quantcast.com
5efaea7e-1e42-4ff6-aaf7-dd2c6174d373,Steve,Morales,smoralesk@wiley.com
bd57f178-bfa2-44f3-936c-84a77189bc37,Beverly,Gibson,bgibsonl@bravesites.com
e01617be-ef5c-49b7-9f3c-fd705cd80d3e,Justin,Moore,jmoorem@joomla.org
c5ca87fb-8363-4ed1-8ea8-1942782e9b02,Jessica,Woods,jwoodsn@google.de
59d23f10-827b-4a66-8f75-97142e05aee4,Emily,Barnes,ebarneso@google.it
05b5a1b3-7e83-4f30-b1aa-074fc49dde2e,Christina,Fowler,cfowlerp@example.com
0f8260fb-3d49-4529-9fea-e5a46c091958,Emily,Cruz,ecruzq@smugmug.com
d454426a-de0d-458b-9ac0-909c84c06ff7,Amy,Ramirez,aramirezr@statcounter.com
b2f946b0-2f2a-44be-91b5-36f16671ef64,Jennifer,Murray,jmurrays@wisc.edu
de236851-bfe9-43e1-853f-f8d0e8773776,Joan,Richards,jrichardst@howstuffworks.com
3f1016b3-0613-4179-aff3-98bbf817e583,Lillian,Watkins,lwatkinsu@discovery.com
dfab96c0-4ab4-42ec-a56a-fa21d4fed5b1,Julia,Lewis,jlewisv@oakley.com
c4f2cdf0-3b96-42c1-8dfc-893013c4d979,Donald,Perkins,dperkinsw@nationalgeographic.com
0a1b854a-3864-4199-901e-0ebffbcb3e81,Catherine,Tucker,ctuckerx@zimbio.com
7f665da9-ccdb-4c6d-bd9b-7dd80032ff1f,Eric,Burke,eburkey@earthlink.net
feca0e3b-1800-4fb1-a468-afc9d5d32b52,John,Perez,jperezz@phoca.cz
7a0a40b6-c26e-429e-a8e6-d5a227a2fe55,Charles,Thomas,cthomas10@sina.com.cn
25d12699-8d26-41ae-b93e-f3223cc24151,Andrea,Martin,amartin11@ihg.com
3909e952-a02b-4646-bca6-b3f204d56bb2,Jennifer,Burton,jburton12@nymag.com
d1971ab5-9da4-4613-84ef-fa0f8875ef98,Evelyn,Gilbert,egilbert13@mlb.com
8ab456ec-2d31-40f0-af02-7e9c0b847045,Donald,Hawkins,dhawkins14@ca.gov
32bd213a-314b-4b79-a757-990a051233ff,Billy,Brooks,bbrooks15@shinystat.com
404815cb-ec4f-4aaa-8c51-bbdc0289eec4,Scott,Armstrong,sarmstrong16@squarespace.com
99afe60c-f2af-481b-90a9-763d8a885a2f,Emily,Harrison,eharrison17@wisc.edu
61db09ad-0b8a-4e7c-aa98-881c82139ac0,Jennifer,Reid,jreid18@istockphoto.com
f6f5700b-d4e7-42ff-8b3a-723c8cbed489,Mary,Weaver,mweaver19@google.co.uk
dad4aea2-8589-4202-aacd-a73711d2af9f,Brenda,Harrison,bharrison1a@shinystat.com
afa162ad-054e-4d6b-a398-501e53d8a784,Mary,Peterson,mpeterson1b@sbwire.com
c10741c8-87cb-4202-bcef-4c9ec2bcf71b,Benjamin,Lynch,blynch1c@pen.io
f25015fb-a1a2-4fa5-a4e5-039e306ac09b,Alan,Graham,agraham1d@gov.uk
d76677fd-c0b7-49bc-82c2-53f6b86e1845,Sara,Ford,sford1e@freewebs.com
ee7195a1-bc8d-4fc3-9c03-5ce24ac12b1a,Russell,Patterson,rpatterson1f@php.net
0128c063-c709-456e-b5a3-377f575046cc,Robert,Gibson,rgibson1g@cnbc.com
e8a24b0a-7e85-4f84-9b2b-1259e1563650,David,Patterson,dpatterson1h@uiuc.edu
0bca08bb-e248-4a48-914a-bc5ead640153,Sean,Banks,sbanks1i@upenn.edu
ef6a4ad0-12b5-4374-9e85-bd61c57bbc43,Sean,Ruiz,sruiz1j@google.it
f3aef028-4047-4784-8f11-f18605705287,Wanda,Mills,wmills1k@tripod.com
a7acc6c2-3087-4ff8-9112-be15e8e5f32b,Doris,Black,dblack1l@arstechnica.com
93b172df-8243-4033-a92d-0921a6ac97b2,Anthony,Butler,abutler1m@intel.com
f74f5d02-d4ed-414d-97cf-65de37bbb597,Denise,Anderson,danderson1n@themeforest.net
bcd63e1c-644f-42ac-ae6c-993783a886a9,Joshua,Ward,jward1o@paypal.com
99eb2af0-518c-4f39-825d-946f6eecd4b6,Benjamin,Anderson,banderson1p@moonfruit.com
3154554c-65ec-47eb-aac5-81a3d5df3d16,Adam,Schmidt,aschmidt1q@bizjournals.com
1554c344-de6d-46bf-af3f-37c3bf4f750f,Marilyn,Black,mblack1r@cdc.gov
2bacfee3-06d2-4b6c-a0e4-93c5f10b777f,Alan,Mitchell,amitchell1s@cafepress.com
f570b551-f12f-43f6-86f1-9378431b28b6,Eugene,Peters,epeters1t@nifty.com
266e39c9-8919-4213-963d-dbeb4d5fff14,Theresa,Flores,tflores1u@zdnet.com
135c999f-018f-4f3a-a677-a4bcb4ab31b2,Donald,Hart,dhart1v@deliciousdays.com
a6fafa9f-4141-41f7-9af1-b41f03a0735b,Joe,Ryan,jryan1w@businesswire.com
c8c13993-996b-4894-8984-492c449000ae,Samuel,Burke,sburke1x@vimeo.com
0441ab6b-50cf-41af-92b9-24c9bd42d637,Richard,Ortiz,rortiz1y@sun.com
ab36aff4-1a60-45d6-82f0-375d341379e2,Steven,Banks,sbanks1z@mozilla.org
4c1cce75-24af-4b41-a013-2605c9766777,George,Martinez,gmartinez20@dedecms.com
fc56ba64-7d77-4844-aee6-61b0c925f946,Robin,Howard,rhoward21@w3.org
50a2e37c-e58b-4466-b88f-07ca4b48d330,Jonathan,Dunn,jdunn22@seesaa.net
1f593498-3bec-4197-a858-97fcfdacb567,Paula,Gordon,pgordon23@facebook.com
d8e94033-d790-4577-9ce4-1edb101521d3,Earl,Webb,ewebb24@exblog.jp
ec6fc34e-ee8e-4988-a894-990d886ecc44,Kathryn,Diaz,kdiaz25@hexun.com
a10a72b1-ebc6-40be-8cba-6c2e40a9f3df,Scott,Jacobs,sjacobs26@infoseek.co.jp
6bc3d8d3-b171-478a-a487-be822e05cdac,Larry,Montgomery,lmontgomery27@youtube.com
3060dc52-95f1-4f32-9eae-6fdeb6d0a991,Patricia,Carroll,pcarroll28@tinyurl.com
f9d61375-8823-4bc1-b5ce-a9086520d6a1,Frank,Moreno,fmoreno29@slideshare.net
f8c13732-c385-4fb6-bd92-848dd0691767,Shirley,Freeman,sfreeman2a@mozilla.com
44894243-72a8-44d3-a9c6-de0bc2c4df40,Kathleen,Cox,kcox2b@bloglines.com
a974ef09-5444-44bd-905f-e18249d0e073,Christina,Harris,charris2c@weather.com
4abb7b58-f131-457b-afc9-db37180c0674,Shawn,Gardner,sgardner2d@mtv.com
0250d176-e311-45fc-bb63-9f604832d8f5,John,Ray,jray2e@state.tx.us
8533e07f-4a08-4cff-9d60-d862ce640173,Donna,Alvarez,dalvarez2f@ebay.com
bbbf1ee0-de2e-4a34-a652-c818630a7056,Victor,Mitchell,vmitchell2g@wikimedia.org
1dc70b16-37da-4775-bd29-b180c277cd15,Benjamin,Reed,breed2h@uiuc.edu
73d36e25-4c3c-49a7-a4af-918c62229fa2,Douglas,Roberts,droberts2i@reddit.com
b7987f6c-e6cd-4264-bf61-058aa9a2d834,David,Wheeler,dwheeler2j@angelfire.com
6b702fa8-86b7-418a-90cc-a068ea30ee8d,Joseph,Marshall,jmarshall2k@scribd.com
4f4191ab-f214-4201-8c7e-0125ee8bfc44,Cynthia,Price,cprice2l@huffingtonpost.com
7d6b466a-a1ab-4732-9983-2d8a6a1dbb6e,Eric,Arnold,earnold2m@booking.com
8f74ccbb-d79d-43f2-9604-9a39d8431329,Ruby,Wallace,rwallace2n@alexa.com
2292a71c-616b-47e0-9f21-e21c0dd29f39,Roy,Gomez,rgomez2o@deliciousdays.com
f5291462-6d36-4e53-9f67-17fcdc8ce8e6,Heather,Gonzales,hgonzales2p@jugem.jp
3963cd89-ad75-4e4c-8274-c53b6fb85403,Alan,Armstrong,aarmstrong2q@yellowbook.com
3ab7b7c5-2692-4e0e-82d0-7b4d81b9c273,Dennis,Kennedy,dkennedy2r@fda.gov
d825fbb7-59a3-453d-99a7-2698ab5d7f1e,Jessica,Anderson,janderson2s@goo.ne.jp
871578ce-8d5a-4c30-a98d-b32c83d6c6c8,Dennis,Ward,dward2t@printfriendly.com
f99fa480-c453-4238-9684-dfb59b47472b,Robert,Frazier,rfrazier2u@un.org
c3d5a174-7d59-47c7-bda1-2a91fa167ca4,Paul,Mills,pmills2v@sfgate.com
b915bf34-16ca-4d06-a4dc-e94e7904b4b5,Harold,Nichols,hnichols2w@washington.edu
2cb22068-dbe8-4d7c-92b1-d57e3c10ad75,Jonathan,Roberts,jroberts2x@odnoklassniki.ru
37247aec-4074-4602-99bb-47bcb20f926f,Paul,Robinson,probinson2y@forbes.com
2bb33869-f871-45c8-a15a-24eada3c756d,Virginia,Rose,vrose2z@devhub.com
1b7ea026-f0bf-4c5b-a4d2-bf371614e74b,Martin,Henry,mhenry30@timesonline.co.uk
f4c26950-a6ec-4a9e-b9e0-58d108c14730,Paula,Wilson,pwilson31@mac.com
8a880c40-d752-4b85-b633-7de2ebf424f4,Peter,Jackson,pjackson32@elpais.com
36e7e82a-e179-42a9-ba8c-d3d4886c5331,Larry,Roberts,lroberts33@etsy.com
573accc2-35e1-4c20-ad43-44baa26fa172,Harry,Arnold,harnold34@phpbb.com
4a99da02-d9fe-40ef-94b8-839906c3e21f,Edward,Johnson,ejohnson35@sciencedaily.com
ad24e04f-22e3-4152-a149-22a3b24e97fd,Edward,Hanson,ehanson36@mozilla.com
13b09d52-9589-4fed-ba97-318ca60fb555,Ruth,Duncan,rduncan37@mapy.cz
7720b82d-2972-43f0-a337-c97bd3bf6189,Brian,Stanley,bstanley38@dmoz.org
0a56e7c9-9c59-4669-b1d1-3e0a88289e2f,Billy,Gonzales,bgonzales39@ucoz.ru
4abe8367-70d0-42d6-9808-8d8f7151c2b8,Anthony,Sims,asims3a@fastcompany.com
1f449aaa-0ece-4fe5-b034-a1991043dd73,Aaron,Reid,areid3b@wisc.edu
11f46379-6976-445e-9f24-9d4cb5921d35,David,Parker,dparker3c@telegraph.co.uk
e0e1a2f3-7fb5-4448-be36-392158163ecd,Donald,Young,dyoung3d@flickr.com
f2e9c0a8-d9a7-4d75-a368-3808fe5d260d,Paul,Rose,prose3e@usa.gov
a4374511-8dee-42f7-8519-f0c04e20143e,Ann,Robinson,arobinson3f@howstuffworks.com
0c4ed6b2-6699-4ab6-8770-985ef3a4c409,Helen,Hart,hhart3g@webmd.com
ce2fc828-9458-4d9e-82e1-8d157c00ee2f,Janet,Bowman,jbowman3h@dailymail.co.uk
d0b30975-bc47-4236-a379-4fe4fdd7d855,Todd,Stevens,tstevens3i@fc2.com
1fbdb89a-42f0-477c-935d-95e5b4eb3a3f,Aaron,Ramos,aramos3j@sohu.com
ec7059dd-5af2-4191-9f23-bf2c6e0fa2c1,Albert,Sanders,asanders3k@hp.com
6595497e-d7a9-4294-8290-57666752e687,Cynthia,Scott,cscott3l@alibaba.com
788e15a1-ffec-4c4f-a068-f0693a62ab29,Patrick,Torres,ptorres3m@sbwire.com
a072efb2-4e5f-4a9a-b848-3c83cb051416,Gary,Perez,gperez3n@barnesandnoble.com
a72fa17f-01b3-4d6e-8f46-6cf8d1829344,Catherine,Andrews,candrews3o@unc.edu
3a39f667-b760-4a5f-ab65-0e3a563b6d29,Scott,Brown,sbrown3p@reddit.com
9c9308d6-16ed-48a3-ae2a-d83810cdd4f2,Victor,Hughes,vhughes3q@vinaora.com
f7b8966a-4c09-43a0-aeda-8e9f7ae26303,Brian,Myers,bmyers3r@alexa.com
2523e1fd-2520-42bd-a93b-4354873d2d8e,Gary,Dean,gdean3s@privacy.gov.au
3155945a-34eb-4fd3-83e8-8efeb6ec849d,Johnny,Brown,jbrown3t@europa.eu
95ea6273-d43e-4d1b-9790-3b5fb3933b2a,Carol,Baker,cbaker3u@fastcompany.com
f97aec16-33f2-4d09-af1f-e1f2b9d3922e,Heather,Young,hyoung3v@soundcloud.com
071f5477-7d87-4ea1-bd0d-8f899b31c875,Deborah,Parker,dparker3w@imgur.com
427db56e-028f-440c-8e81-636e39f27fb6,Jerry,Black,jblack3x@dailymotion.com
2d3a88f8-8d61-408a-963f-f692f0e5b3cc,John,Griffin,jgriffin3y@posterous.com
ecb75f07-22ca-4052-9342-af457f7e72d3,Susan,West,swest3z@deliciousdays.com
e8ab8956-5d73-4695-a138-d5b0e3d8489f,Brandon,Foster,bfoster40@princeton.edu
128f42db-6877-4081-9ab5-a6f3ab39f030,Nicole,Stanley,nstanley41@yelp.com
82b9b830-06ec-4ff8-8a89-dc4960321b7e,Helen,Gutierrez,hgutierrez42@oakley.com
19751007-efe2-42bf-a004-6c52f970b869,Tina,Oliver,toliver43@delicious.com
caf610a3-93cd-45bd-88c5-30126a1b3c54,Jose,Webb,jwebb44@cnbc.com
9a8c4a6b-00c9-45ce-83af-bf3f02518425,Brian,King,bking45@mayoclinic.com
67077e08-34b9-4978-b8b2-0a1f51771e84,James,Gomez,jgomez46@ihg.com
29f05bba-c390-4a6e-bba3-d579ec4b083c,Pamela,Adams,padams47@opensource.org
16eae706-ec3d-4783-93ee-b156bb5a39a0,Diana,Shaw,dshaw48@samsung.com
8844018c-8ec0-4c40-a7d1-7d4258481adf,Patricia,Woods,pwoods49@utexas.edu
3d127c78-7efc-4ce7-94c5-d70b6df8b1af,Ashley,Peters,apeters4a@amazon.de
f545ed41-7471-4918-adcb-b65efa22d49d,Cynthia,Walker,cwalker4b@wikispaces.com
7f45dcfc-01a8-4bf2-a53c-1e7e9a59e144,Martha,Stanley,mstanley4c@1688.com
7928fb53-e349-476a-9049-d51c4c85fdf7,Marilyn,Graham,mgraham4d@cdbaby.com
bc4b7ca0-a4ca-4667-b1fc-5ae458d5ec2d,Maria,Stevens,mstevens4e@parallels.com
114c25a2-5ea2-4494-b2b3-2bcfec5c6efb,Susan,Fuller,sfuller4f@cocolog-nifty.com
73d03856-38cc-4064-b6ee-29b1f9414828,Tammy,Jackson,tjackson4g@ebay.com
251b890b-863f-40af-a3f7-b80d4c5f458e,Sean,Perkins,sperkins4h@intel.com
af52d181-9005-41ed-9167-d6de2145baa2,Annie,Alvarez,aalvarez4i@apache.org
1f46cf2c-e0f7-4d2f-b8a8-6b289c3454fa,Billy,Morgan,bmorgan4j@yandex.ru
d5200d41-0dfb-4c6e-bf72-8a235a8e671c,Carl,Price,cprice4k@umich.edu
6960e31e-241e-4e3f-b1fa-150ca59ac788,Joyce,Collins,jcollins4l@domainmarket.com
39033d99-f9b0-428e-a86c-75d06518a818,Jeremy,Willis,jwillis4m@unicef.org
691f4b34-7c01-42ac-b3d5-d663e05a4a2a,Michelle,Carroll,mcarroll4n@yahoo.com
76e5224b-0182-4a2e-874b-66cd1f34dd03,Russell,Price,rprice4o@cam.ac.uk
716bc790-e287-4193-bc5a-7a98c0069361,Douglas,Rodriguez,drodriguez4p@godaddy.com
929b6dcb-13bd-4b36-9a9c-760dcd5ad21d,Rachel,Cole,rcole4q@themeforest.net
11f9b827-3afe-4658-b02a-b4e0605f2b4f,Susan,Richards,srichards4r@yellowbook.com
7cafc4c3-8a6e-4566-8338-aa7e135d851b,Judith,Mitchell,jmitchell4s@redcross.org
ac6729e7-de71-4b3a-97e4-8a25ce5d7b03,Ashley,Miller,amiller4t@sina.com.cn
87c25c04-b690-4552-9af2-399580a3a81b,Ralph,Watkins,rwatkins4u@msn.com
788d4bb8-4c00-4b19-acf8-28eef2003c1c,Shirley,Larson,slarson4v@discuz.net
89d2c29c-5971-493a-b126-a3802b4a0f68,Kevin,Wheeler,kwheeler4w@goo.ne.jp
0dfca655-3e73-4361-be65-7f7c07aaf313,Sarah,Bailey,sbailey4x@skyrock.com
e47bac5e-3192-4471-8eb8-788a19227904,Sarah,Rice,srice4y@nba.com
f7f25a62-be90-42e8-b402-c19d053f60c8,Bonnie,Parker,bparker4z@ibm.com
3b7e36fe-2795-4f76-b6fd-da86598d040a,Clarence,Ward,cward50@msn.com
2c85a947-43e9-4a53-8415-cdf7323fb612,Joan,Matthews,jmatthews51@pagesperso-orange.fr
c617ab56-54ea-411d-beca-5b854e6799f3,Kimberly,Porter,kporter52@psu.edu
6e7c1a5c-eee4-4441-aecd-1477040bda82,Kathy,Moore,kmoore53@timesonline.co.uk
52ffc829-89cd-420b-a014-4627f63adbb4,Gary,Murphy,gmurphy54@studiopress.com
2e13c028-fcf1-4c48-961e-29b54bfa581f,Phillip,Weaver,pweaver55@yelp.com
4413c8da-30ea-4383-967d-9d571df53813,Sean,Weaver,sweaver56@cdbaby.com
61a9158a-d83e-42c2-84ca-8441e46ee3b5,Doris,Barnes,dbarnes57@fema.gov
a88e9bbe-42c2-4078-a3f9-8cc9ad2f620f,William,Peters,wpeters58@salon.com
e8f3cbb8-868e-472a-9a96-265680764932,Willie,Greene,wgreene59@bbb.org
d44fd52b-5572-4a5f-8317-e00417f4764d,Brian,Matthews,bmatthews5a@loc.gov
54152058-5dde-40be-9998-6d6185287e22,Peter,Perkins,pperkins5b@vistaprint.com
e495ed5f-7b1a-429d-bb53-6ea705ef10e8,Christopher,Hamilton,chamilton5c@ifeng.com
dc6cf40e-20cb-4536-ad72-7ac3399c33ee,Antonio,Reynolds,areynolds5d@wunderground.com
6806f6e9-3145-4989-96a4-b2faadd094ed,Carolyn,Knight,cknight5e@ow.ly
ade955e3-2fbf-4214-b1a6-ef2aabc46f76,Lois,Bennett,lbennett5f@tmall.com
d58bf25c-590b-40f4-ae5c-d4ad1ce14393,Jessica,Freeman,jfreeman5g@bizjournals.com
396f5bea-e26a-4a6f-b83d-753af350e730,Brenda,Medina,bmedina5h@marriott.com
8608ecaa-dc25-411d-a79c-ece68e356b1f,David,Weaver,dweaver5i@devhub.com
7220ff10-7dc0-45f7-ae14-b6626579d1ff,Carol,Williamson,cwilliamson5j@epa.gov
0ccb4541-8fd0-47b8-981f-66ceb7a47740,Christina,Kim,ckim5k@com.com
f6fcb40e-9079-478e-8552-649fabda99ab,Jonathan,Johnston,jjohnston5l@blogs.com
8fe64744-2f2b-4e34-9fff-237ba5c6811d,Chris,Nguyen,cnguyen5m@parallels.com
452c2437-6b80-4924-8842-702717ebc713,Carl,Stanley,cstanley5n@phoca.cz
d452244b-c00e-4c9e-a022-978407c6ade1,Phillip,Cruz,pcruz5o@blogs.com
2adf8aba-6bb1-4bb2-8c83-737489576243,Margaret,Hunter,mhunter5p@123-reg.co.uk
0e03e6e1-3b30-48fb-9dde-0ff1623d2ba3,Ryan,Spencer,rspencer5q@wikipedia.org
b0d47f9d-7a91-4630-ba78-06e1f270635d,Mildred,Flores,mflores5r@phoca.cz
8e1696f3-b58c-4688-b898-e8f0a451daad,Chris,Hart,chart5s@edublogs.org
6a3eeebf-a3bd-4b85-be5d-7e2d672406fa,Karen,Flores,kflores5t@nyu.edu
16d6d388-15d6-4be6-b75f-bfc0454c8bc3,Justin,Anderson,janderson5u@auda.org.au
a7d73bc3-af00-48a1-96a6-26e72ef1362e,Ernest,Roberts,eroberts5v@china.com.cn
65a00ac2-367a-4b8e-b8cb-bd090207d476,Jesse,Bryant,jbryant5w@feedburner.com
64767f9d-e568-412b-830a-cceb743ae44e,Phillip,Hayes,phayes5x@opera.com
4ab88430-87c3-4e67-bc64-80e06d010edf,Mark,Daniels,mdaniels5y@t-online.de
93749b3b-2733-405b-b554-b9605a5b5541,Terry,Clark,tclark5z@engadget.com
8c212ab6-eafd-44f9-a350-3bd0c455c813,Sandra,Clark,sclark60@usatoday.com
111cf73f-077e-4b59-882b-69d2590ed471,Melissa,Taylor,mtaylor61@geocities.com
206c5126-03c3-4cd7-9edb-c7950bae7231,Jimmy,Spencer,jspencer62@mapquest.com
22a612f2-8bd6-423b-a1d8-feb16a9674f2,Catherine,Alexander,calexander63@twitpic.com
d31c4710-9dcc-443b-af21-260ceff97950,Nancy,Gray,ngray64@yale.edu
72e3f7f1-d3af-48d2-8822-1b6806466b04,Sharon,Spencer,sspencer65@technorati.com
c3a103ca-dbcc-41b8-922a-15ce8baed94b,Sharon,Long,slong66@buzzfeed.com
b0903d13-740f-41b4-8ae1-84c242414484,Stephen,Gordon,sgordon67@sphinn.com
195127d0-1564-47d4-9d47-8de7a44df794,Jose,Walker,jwalker68@msu.edu
95917eb0-07a3-4a77-8ea2-2913c51cc5cf,Donald,Coleman,dcoleman69@facebook.com
25039a89-17a1-45e5-b033-cf02639b8efe,Nancy,Robertson,nrobertson6a@usa.gov
1e3c209a-bc49-4fae-9fdc-1c41266afddb,Virginia,Gray,vgray6b@ocn.ne.jp
1d0dae63-a98b-4d32-8e30-dc1183511012,Jimmy,Perry,jperry6c@answers.com
ff996a57-e5d9-41c2-af11-d0b64d04a1b4,Antonio,Palmer,apalmer6d@omniture.com
acaa3594-966d-47f5-b373-ea23a4259607,Janice,King,jking6e@dropbox.com
4fd70e06-0c2f-4a57-8f02-4c5dac008b5b,Nicole,Woods,nwoods6f@over-blog.com
f85c81df-ec59-489c-b32f-e8d808474dc0,Matthew,Peterson,mpeterson6g@slate.com
50fd4381-6567-481b-aec5-1d54fe4e1150,Craig,Knight,cknight6h@alexa.com
15d35c18-0bfe-491a-8aea-59ffaa6071c5,Norma,Elliott,nelliott6i@goo.gl
32f14b1a-7eb1-4666-8190-1d786c245b00,Andrew,Fuller,afuller6j@rakuten.co.jp
802f2bdf-6c40-4013-9489-047714bd26aa,Victor,Sullivan,vsullivan6k@edublogs.org
19db4d29-28bf-45a5-92f8-2fcdbfec8c45,Deborah,Powell,dpowell6l@phpbb.com
3276f0a2-adf4-4a6e-8652-c74bafa63f44,Martha,Knight,mknight6m@arstechnica.com
5ea41c73-b7d9-450c-8604-43cc05dd4ae1,Ann,Green,agreen6n@unesco.org
a12c8d05-672f-41a5-a4e9-d35b15beb102,Robin,Ross,rross6o@digg.com
fa0b7549-3529-4136-a841-10ddb7420bf6,Carl,Hudson,chudson6p@uol.com.br
94261042-947c-466c-bed3-85daedc44d2b,Andrew,Harrison,aharrison6q@163.com
dd2f2924-bfa1-4f0b-b242-4da783e69520,Alice,Mitchell,amitchell6r@ustream.tv
515b7082-f595-4e90-9af1-450df7edd689,Nicholas,Ramirez,nramirez6s@webmd.com
51ec52b8-0831-4ca6-b798-58243e6633ac,Ralph,George,rgeorge6t@cam.ac.uk
181c72e3-561c-456f-8a9f-7e58ffa023f5,Sara,Stephens,sstephens6u@mozilla.com
c9588264-52a2-41d0-aa3d-2f21b57eb6ff,Philip,Matthews,pmatthews6v@trellian.com
778f8ac0-e2e7-4b95-81b0-c5e5920ebc63,Kimberly,Alvarez,kalvarez6w@bigcartel.com
e8e43995-13fc-4e11-ae61-bde2dd0bb740,Julie,Rodriguez,jrodriguez6x@wired.com
f667d6fb-1433-46a5-b7cc-0e0c9af18f5a,Catherine,Henry,chenry6y@moonfruit.com
45affe39-193b-4d90-a858-5117905d3089,Judith,Austin,jaustin6z@ocn.ne.jp
b3f9ad13-a709-4b7f-9e58-489e2c2585dd,Debra,Cole,dcole70@blog.com
c88c5aa6-9fa3-47a9-939a-d8bfb500b34b,Kevin,King,kking71@wikispaces.com
6fc35b3a-d13b-4c39-8535-3bc1e5bd3fb2,Julie,Perkins,jperkins72@zdnet.com
b0405bf2-96a4-4fa2-a24b-3aca004cc4e1,Virginia,Martin,vmartin73@boston.com
4b8e3ce7-7352-4b89-a804-15b2c6e8dddc,Lori,White,lwhite74@hugedomains.com
0ad963e4-09cc-4efc-8876-3ec0bb016363,Albert,Perry,aperry75@fotki.com
d26df6c4-e711-44bb-bd9a-d2369494b3bf,Denise,Ferguson,dferguson76@merriam-webster.com
206a81db-c16a-45f9-993d-23065e1aaf44,Frank,Reid,freid77@loc.gov
f268b4d9-a789-4acc-9a75-5ba78fbd12f9,Marilyn,Kelly,mkelly78@va.gov
9eba5bd9-0961-4169-948c-32e3e9499272,Alan,Austin,aaustin79@independent.co.uk
9dec6bbc-3c3b-474a-913e-c07cc647141e,Angela,Black,ablack7a@unc.edu
270aae4b-48cf-4228-9d16-e61a32430862,Henry,Montgomery,hmontgomery7b@zdnet.com
45f3dc49-9e4b-49a2-a040-7be3941561c9,Janet,Nguyen,jnguyen7c@stanford.edu
3c568374-d05d-4a50-8b08-a88e5edbb2ba,Denise,Rodriguez,drodriguez7d@miitbeian.gov.cn
0691fbd4-5c2c-4cb7-bdbf-2fe22b497538,Patricia,Johnston,pjohnston7e@indiegogo.com
8c442841-e925-4f12-829c-2221e0752cb9,Cynthia,Woods,cwoods7f@behance.net
96b94e74-0017-4b9b-9661-353804323202,Bonnie,Chapman,bchapman7g@patch.com
fb40c240-7f98-48a3-980b-36024538c468,Rebecca,Spencer,rspencer7h@princeton.edu
5051225e-b98e-4d23-81e1-9a2bdcce6d7c,Norma,Washington,nwashington7i@squarespace.com
0ae43bf3-5a3c-440f-8cb6-429147a95737,Russell,Hicks,rhicks7j@timesonline.co.uk
940bdb49-39a5-4690-8493-6767f6c92894,Aaron,Walker,awalker7k@amazon.de
ab13846b-2cc5-4bbc-a9f1-6c8483c94570,Philip,Fields,pfields7l@lulu.com
38c96ada-35f9-435c-8560-8e2b57dc25b8,Albert,Anderson,aanderson7m@utexas.edu
1457121e-a3df-42e4-92e3-532ba2d9deb7,Walter,Baker,wbaker7n@baidu.com
eaa7f9dd-bac1-4175-ac5a-18bcc9aec1ce,Jesse,Evans,jevans7o@hhs.gov
c8d4547b-c0a2-453a-8469-8d1c4af60998,Martin,Martinez,mmartinez7p@liveinternet.ru
5f01c30b-00de-4a0d-8be6-a8616e4ad5a6,Julia,Moore,jmoore7q@irs.gov
f9bf7373-786d-49d5-97f6-3b01f553380f,Ann,Hunter,ahunter7r@360.cn
bf02114d-b091-4610-a2ff-f0d3a469d8a7,Christopher,Duncan,cduncan7s@liveinternet.ru
4fea4206-cf1a-439d-87b1-cb2f6fa701d4,Martha,Payne,mpayne7t@github.io
f92ae03e-01ab-4869-9ee1-07232d881d36,Kimberly,Taylor,ktaylor7u@cornell.edu
563806fa-8d56-46ae-b6f2-7872f66c9ab8,Jeffrey,Griffin,jgriffin7v@hatena.ne.jp
0ffd8291-ee0e-403e-bf56-bb622a39a34d,Brenda,Phillips,bphillips7w@java.com
599e5059-b8d9-4a02-a857-5abf6ed36525,Lois,Anderson,landerson7x@wordpress.org
c353a157-0f66-48f2-bf83-4bde24bf6734,Rebecca,Stanley,rstanley7y@shareasale.com
dd52c73e-72ff-4ebb-9c82-f67757277b95,Joan,Thompson,jthompson7z@jiathis.com
92566e9e-1bec-40c3-82d4-33f599b8ff35,Joyce,James,jjames80@loc.gov
963ea1b6-2b67-403d-bfdf-283eb5c8cb8e,Teresa,Richards,trichards81@infoseek.co.jp
76eabb6a-beca-4e40-b668-0cb628e30b85,Brian,Frazier,bfrazier82@ed.gov
cb4dca31-759d-40ae-a41e-815ead101117,Ruth,Webb,rwebb83@is.gd
1442d218-691d-4962-8aef-897f726c0682,Gloria,Reynolds,greynolds84@phpbb.com
90e8f433-5695-4687-8d84-f3777a80e9c4,Emily,Rose,erose85@123-reg.co.uk
842104b8-878e-42b2-ab71-38e13b39db72,Julia,Schmidt,jschmidt86@wiley.com
4cfbba00-baad-4dbe-9571-20ccac4de191,Jane,Gutierrez,jgutierrez87@networksolutions.com
a6918db8-d4b5-4122-bde9-e28691e2db91,Scott,Hughes,shughes88@amazon.de
fb9453ff-02df-4adb-b73a-48b29a68cd47,Christina,Cunningham,ccunningham89@t-online.de
df7c16e6-a228-4704-8808-92530bf5899c,Matthew,Spencer,mspencer8a@artisteer.com
2d363d4e-87c5-4be8-b93e-4055a765c03b,Diane,Murray,dmurray8b@washingtonpost.com
c9f23068-b0de-4ec6-b927-60319a7f0912,Larry,Ford,lford8c@sourceforge.net
8f061ea3-4756-479e-bfbe-93fa82ab1c14,Debra,Anderson,danderson8d@archive.org
7cf68525-0fc3-457a-9719-f7e78e9fe512,Andrew,White,awhite8e@skype.com
a3cace99-39c7-4e81-810a-a144d76eaf08,Joyce,Williams,jwilliams8f@i2i.jp
1e34b166-58d9-41e6-bfc9-fc8ac1bef9c6,Gary,Armstrong,garmstrong8g@hubpages.com
f32b82cf-d2cb-455c-94cf-c24409f24e38,Chris,Oliver,coliver8h@blinklist.com
420e6c85-4307-4db1-9461-86867553b155,Randy,Rogers,rrogers8i@state.tx.us
9fe0236f-d8ef-44c1-b635-80b0bc9ab710,Wanda,Day,wday8j@miibeian.gov.cn
5902136a-09de-48cf-9bc0-6dc2868534e3,Fred,Smith,fsmith8k@chicagotribune.com
85b2b2b1-267a-4142-8999-6257cd5f0978,Arthur,Clark,aclark8l@github.io
bfafda31-7d3a-465b-8313-a984cd0c7a36,Harry,Day,hday8m@google.fr
8fcf3445-eba8-4de9-be7b-e9c1dfab0675,Lori,Parker,lparker8n@1688.com
9374bc0c-0afd-4973-9e68-ccef49a84f5a,Kathleen,Torres,ktorres8o@icq.com
48e572ee-69fa-4081-8a57-08b017659d8c,Carlos,Parker,cparker8p@parallels.com
d93288b8-ad55-4b25-8aca-8755fcc1a31f,Ashley,Little,alittle8q@quantcast.com
1b275618-209b-4b44-a3be-f0e86c200d9d,Ann,Nelson,anelson8r@merriam-webster.com
1eaca6f4-d638-425f-b294-2c8d7e77641f,Jerry,Hawkins,jhawkins8s@redcross.org
32ed9a69-f84c-4721-bedb-e60b086d0c3c,Lois,Lane,llane8t@prweb.com
df8cbe3c-e3be-40ea-95ba-f42c3d76bc54,Gary,Kelly,gkelly8u@vkontakte.ru
db99b8c4-b78a-4dd0-a004-e39a25ef2293,Barbara,Nichols,bnichols8v@prlog.org
f46c78f3-37f7-4226-9f38-c559b9111a54,Aaron,Burton,aburton8w@t.co
cea3adfe-301e-47ab-a130-3c353fe74377,Howard,Burton,hburton8x@dyndns.org
95a1f31e-9e98-435b-976a-90c14c58d922,Rebecca,Reed,rreed8y@yellowbook.com
bed7af7c-0ca2-46ac-9227-267f558e503b,Judith,Spencer,jspencer8z@paypal.com
15507164-5457-4c7e-9df8-91fdbbcdd401,Ernest,Weaver,eweaver90@ed.gov
17792aa3-3dc7-4b35-b6b1-1279164d662f,Walter,Martin,wmartin91@gmpg.org
a8d14de3-8042-4cdd-a765-d35070b4bec6,Edward,Davis,edavis92@pcworld.com
eebb2023-46a2-48c8-b46d-4cb7f54c8ec5,Sharon,Miller,smiller93@amazon.com
eb46bcc2-8bff-470b-b612-2db027e1312c,Brenda,Webb,bwebb94@odnoklassniki.ru
cd3f02f2-e517-4332-8dfb-20abee1ce32c,Brandon,Matthews,bmatthews95@icq.com
d91c34f3-bc59-4fc9-b1bf-b54749188b0f,Dennis,Pierce,dpierce96@xing.com
3f449bf0-6296-4160-874c-ef9da1cafec2,Jason,Perkins,jperkins97@ibm.com
cce7f67c-3424-4a54-9dce-713a1d5ceaac,Roger,Harris,rharris98@ft.com
b3897aa9-2556-484b-86c9-a5d508c62df2,Jennifer,Robertson,jrobertson99@paginegialle.it
58559de1-17c9-4316-9e03-4089aab7dca4,Kelly,Jenkins,kjenkins9a@cocolog-nifty.com
ce730d22-189d-4de4-a693-b7449856a7e1,Ernest,Gonzalez,egonzalez9b@wikipedia.org
4e6ea274-61f9-4506-98e8-b8959b9d41b1,Heather,Gray,hgray9c@lulu.com
4bc05bef-4e24-4c31-97bd-d4f47af00f8a,Jesse,Flores,jflores9d@howstuffworks.com
4656223f-e080-49ad-b6e8-d70639c6eb3a,Jonathan,Bell,jbell9e@imgur.com
d5e3ffdb-8ec8-463e-8eb7-4d86ca3b95ff,Justin,Fernandez,jfernandez9f@unesco.org
d3a40e2a-9265-44e0-a671-61ee8729a20d,Eric,Flores,eflores9g@umn.edu
df65c255-5e5f-4332-950d-c7ae3085cb9d,Jacqueline,Brown,jbrown9h@chicagotribune.com
d85db8ce-3d2a-4744-9838-27f0a68970a6,Raymond,Simpson,rsimpson9i@e-recht24.de
28390ff0-da7c-43f8-a496-963852146dc5,Larry,Smith,lsmith9j@kickstarter.com
149f73e5-6c77-4a59-b847-1d55b3ffa91a,Clarence,Lawson,clawson9k@twitter.com
54398482-1a0d-4538-bc4c-af3ad1df5bc2,Jennifer,Grant,jgrant9l@edublogs.org
b0a3d40d-6242-4698-aacc-44b4b6e67630,Gary,Cook,gcook9m@goo.ne.jp
7e176af0-18ed-4d02-8590-fb4f6d7a4ae1,Phillip,Black,pblack9n@theatlantic.com
41b5ebe5-818e-46b6-ad27-7b761ec916a6,Douglas,Coleman,dcoleman9o@webeden.co.uk
18f500c6-419d-49a3-b404-23229e639318,Henry,Richardson,hrichardson9p@taobao.com
7259d7e7-0754-44f0-b412-13b030a1e32d,Jeremy,Chavez,jchavez9q@miibeian.gov.cn
8767be25-b71e-4b75-9985-8aa8c49f6cb7,Kenneth,Olson,kolson9r@wikipedia.org
41c9081d-a673-4c60-910d-b546f249f295,Debra,Snyder,dsnyder9s@apache.org
5ac25f13-efae-4b6c-b0c6-2d1ef0f805c2,Debra,Morgan,dmorgan9t@marketwatch.com
18e67a1c-8431-4e30-92b0-6d9d1a4fe377,Nicole,Patterson,npatterson9u@jigsy.com
bd791d8c-e34c-4a7a-afa4-ae50492a23e1,Nancy,Peters,npeters9v@usa.gov
ff1e57e7-1fb0-46a4-abfc-9221eddc6121,Donald,Ferguson,dferguson9w@illinois.edu
c1f05bf5-2348-4c68-882f-999763d5b459,Evelyn,Peterson,epeterson9x@bluehost.com
cf1411a5-0f77-4149-8ad4-aa8303563a3c,David,George,dgeorge9y@amazon.com
7b80fe99-75e7-4d37-9453-aa2763929f14,Eugene,Knight,eknight9z@cam.ac.uk
46326552-e080-4da1-9b07-27daf28ea158,Carolyn,Bishop,cbishopa0@topsy.com
5d7dbe52-c71b-450b-a6f9-572c2387c568,Gloria,Peters,gpetersa1@wunderground.com
b2f1a1a6-6474-4fe9-be06-47c197d56bff,Jane,Gonzales,jgonzalesa2@timesonline.co.uk
810c69e9-559b-40ab-86d9-c986498276bc,Elizabeth,Webb,ewebba3@apple.com
40b897de-9683-41e2-88aa-1141a8378e59,Martin,Dixon,mdixona4@deviantart.com
acd00054-5e49-4b54-8c3d-98ba70a6b654,Scott,Hawkins,shawkinsa5@wiley.com
96891aad-74a6-44b3-b07c-26e65c7ae116,Peter,Phillips,pphillipsa6@uol.com.br
b62f39df-4961-4840-9c8c-8f357e0902c3,Diana,Ruiz,druiza7@jigsy.com
926e0238-4b27-40eb-882b-a693aaf6a2d8,Kathy,Dunn,kdunna8@tmall.com
bcd6e2a4-4640-4e6d-9897-132cb9f29544,Charles,Peterson,cpetersona9@loc.gov
9beb018a-844e-40fc-8608-181dcbf1c38d,Andrew,Lynch,alynchaa@pbs.org
b6af5bc5-0e03-4eaa-97b7-fcde01034de5,Fred,Smith,fsmithab@1und1.de
d5a9636f-f51d-43ff-b1fb-20f716fc348f,Adam,Boyd,aboydac@friendfeed.com
a7f6d28a-2305-4044-9f66-14af5ab4685f,Stephen,Fowler,sfowlerad@dailymotion.com
81c72a63-1dd3-4c9c-8db3-f11ebc19ae6e,Russell,Elliott,relliottae@amazon.de
19ac4cf3-83a3-45de-be69-5f4a703d6100,Ann,Ward,awardaf@apple.com
140bcea0-c72f-49d8-9734-7b82aca91cfc,Ann,Owens,aowensag@live.com
59cc19d1-9d14-484f-a911-5ddf9e2ccbcc,Tina,Howard,thowardah@npr.org
c05d7cb8-8b22-47e0-8c0a-6a2599311214,Cheryl,Burke,cburkeai@amazon.co.jp
b8ec6487-6b29-43ca-a3ab-01181eb7bcfb,Martin,Butler,mbutleraj@w3.org
39d85d72-ec83-40eb-bff9-8468abba3606,Tammy,Gonzalez,tgonzalezak@gravatar.com
3bce17d5-c60d-47fd-a771-7c073d145777,Brandon,Cunningham,bcunninghamal@xing.com
65d99055-a782-4ecf-9816-834de875f42a,Philip,Turner,pturneram@harvard.edu
6c5b4303-46a4-4f36-8da1-45949ec87815,Terry,Wells,twellsan@shareasale.com
c81fe17e-bf9d-4a82-b887-90dd1f64b8d9,Adam,Johnson,ajohnsonao@ustream.tv
061082b0-ceb7-41c5-9841-b7660b19b22e,Sandra,Mason,smasonap@nbcnews.com
4ef09a34-0db8-4302-9948-1842c6c64f3e,Barbara,Hamilton,bhamiltonaq@cbsnews.com
e06c3d80-9ba7-4497-8105-bf7425882ded,Eric,Jordan,ejordanar@gnu.org
416a1982-6d42-4396-bb9d-792534d8a792,Andrew,Price,apriceas@surveymonkey.com
dd8abe66-d700-4b14-824f-abfdb4d5931b,Sharon,Dunn,sdunnat@loc.gov
0b38132b-3c41-4af4-a70e-524e91fb39be,Rebecca,Morris,rmorrisau@123-reg.co.uk
124536f5-a41f-4ff5-88bd-9fd464d5d688,Shirley,Peters,spetersav@wiley.com
cefa5022-fd2f-4e4c-bb0c-a26856689cc0,Robin,Johnston,rjohnstonaw@xinhuanet.com
7a1bd681-ebb4-4efc-8b1e-7be234b4c47c,David,Hamilton,dhamiltonax@arstechnica.com
bbe6b5fc-2efc-4e7b-9cbc-2cbe5e5e6bcf,Susan,Jackson,sjacksonay@phoca.cz
b0b75d23-9bd8-49b1-a6da-dc41f1735995,Bonnie,Duncan,bduncanaz@elegantthemes.com
09c8eb4f-176b-4f33-8394-14449b0eb89e,Louise,Harrison,lharrisonb0@goo.ne.jp
b2105c55-c88a-4697-85c9-cb705e007cad,Rebecca,Torres,rtorresb1@telegraph.co.uk
3bbb75c1-2bd4-4d0d-b992-d7b59cc74913,Joshua,Wood,jwoodb2@elpais.com
adc21840-1bcf-4c8b-9452-325d7fde9c63,Earl,Chavez,echavezb3@hibu.com
98a140b1-19b7-4d8c-901e-ea8825c758aa,Jason,Carter,jcarterb4@arstechnica.com
c3fd7b74-3223-431a-b1ca-2bdce04ec487,Teresa,Hamilton,thamiltonb5@smh.com.au
b8675fb3-794c-4ffb-a5c9-6b9da608b33b,Sarah,Harper,sharperb6@buzzfeed.com
a537d65c-902c-49da-bdfd-85518d02eb6c,Ryan,Cole,rcoleb7@cocolog-nifty.com
5c17c383-efd3-44a5-b4bd-bcf4d585ecb6,Kenneth,Pierce,kpierceb8@nba.com
034d6901-9d7d-4033-8e5a-971aa965c299,Amanda,Owens,aowensb9@icio.us
ba32c6a3-2a9d-4213-a4e2-84afb5239017,Donna,Gutierrez,dgutierrezba@mediafire.com
2d288aca-2b29-4bc2-aeb6-da32ab69b67f,Roger,Larson,rlarsonbb@exblog.jp
d4f1f322-0ed5-4f53-8224-78ebfdb4b25a,Donald,Cole,dcolebc@flickr.com
fd90dc23-65c9-4b7f-93e2-c9f8fa51144a,Walter,Hanson,whansonbd@jalbum.net
895ca20e-89ac-485b-93bb-1889f851cdbd,Alice,Hawkins,ahawkinsbe@geocities.com
c60f0160-995c-4986-aa9d-fa655e78f5f7,Edward,Bailey,ebaileybf@google.de
43a57cda-a16d-498b-bbbc-ea21fac85f03,Ruth,Berry,rberrybg@newyorker.com
d11cd998-736d-412c-acf9-8c138959c881,Ronald,Young,ryoungbh@aol.com
0c739f51-3337-4c30-9b46-2343277a1106,Lori,Mccoy,lmccoybi@example.com
7a79c5b3-eb8a-425a-bb0a-08e5a7942893,Robert,Burns,rburnsbj@gmpg.org
329502dd-a2a1-4a00-bdcf-6986e8efe1b5,Raymond,Howell,rhowellbk@dell.com
8a54e79c-25bc-4f39-a549-36c41714657f,Philip,Medina,pmedinabl@photobucket.com
4bb29222-6c9c-4e48-956e-a06d30dde2c4,Jennifer,Hernandez,jhernandezbm@shop-pro.jp
c7d2f739-2515-443a-864b-522617009c0b,Ann,Franklin,afranklinbn@tmall.com
9bec86fe-ebec-41b6-a310-ef951533341c,Chris,Carroll,ccarrollbo@cpanel.net
bac56052-0ddc-4ced-afa2-16c38d179bc3,Christopher,Ward,cwardbp@cocolog-nifty.com
2a085734-e529-4241-ae34-119b557db22d,Sarah,Hanson,shansonbq@t.co
7dacefb1-7f93-43de-af77-32a36596d9df,Katherine,Riley,krileybr@cornell.edu
d357d8a3-cc28-4026-b508-aebc265dacef,Judy,King,jkingbs@globo.com
1672a880-7c65-49c6-b7a1-a7c0c9e5941a,Mary,Hunt,mhuntbt@redcross.org
59e09d5d-d4d9-45f5-b739-2cfbf41b43f0,Ashley,Gilbert,agilbertbu@ovh.net
ba3b0f24-c9bf-4a50-ac71-2423eefb76f7,Norma,Cunningham,ncunninghambv@ifeng.com
f776fef1-66a0-446e-9b40-85651ebe2510,Jacqueline,Castillo,jcastillobw@ucla.edu
232c54e3-f166-4a75-aeba-ce4f0409f816,Jessica,Mcdonald,jmcdonaldbx@hhs.gov
a1b6c139-7129-49c0-a556-6e52009add7d,Kevin,Hamilton,khamiltonby@rediff.com
e860eb6b-3698-4713-bfd1-cf5631c523b9,Michelle,Campbell,mcampbellbz@ed.gov
c452c3fa-cd16-4b22-97c1-5794f88b5d01,Robin,Adams,radamsc0@army.mil
2a6732ef-7aaa-42df-b320-1d63c82280ac,Raymond,Schmidt,rschmidtc1@google.nl
74e19e23-9018-46ce-9a9f-d4d275b14439,Marie,Peters,mpetersc2@tripod.com
3676653e-48b8-4baf-8e17-cd5ebdc95bf8,Bruce,Walker,bwalkerc3@engadget.com
ffc37cc5-a938-4b16-b722-8242a97388a7,Jack,Franklin,jfranklinc4@cnet.com
d42395d5-5398-4e5d-b72f-64e94e9ece14,Kathleen,Powell,kpowellc5@eventbrite.com
a843cb79-9fb5-47ca-9041-cf9cd2bfb95f,Diana,Medina,dmedinac6@dion.ne.jp
262b7e39-5bd0-4b2b-a652-9a0292af0cac,Janet,Holmes,jholmesc7@networksolutions.com
b52c6016-227b-43f2-add0-42ba39b47d86,Sharon,Jacobs,sjacobsc8@51.la
973b3c5b-bc64-43bb-a092-5ae3ccfa89da,Patrick,Hunter,phunterc9@reverbnation.com
c5f383be-74bf-4060-9ccc-92bdb418756b,Justin,Sanchez,jsanchezca@shutterfly.com
3b7b3132-d2a1-4a00-887c-bfa534e2dbf2,Teresa,Medina,tmedinacb@sciencedirect.com
0c05b6e0-fa0d-4fb3-a7ec-924e08ce6cfe,Melissa,Stewart,mstewartcc@reuters.com
407a696b-d83c-423f-84c9-586e2b8752e5,Kelly,Torres,ktorrescd@surveymonkey.com
e77f9bc1-c2f6-48e7-b280-5ddd35fe7738,Philip,Ross,prossce@prnewswire.com
e7c42195-e63c-41e0-a667-c354b734d7eb,Patrick,Dixon,pdixoncf@acquirethisname.com
5e864b61-a4f4-458a-9beb-1cea0c71c16b,Charles,Dixon,cdixoncg@phoca.cz
ce903eda-d35a-4fb9-b9b9-241fbab1da11,Gloria,Berry,gberrych@livejournal.com
70049e1d-5dbb-487a-b556-25344da30ad2,Phyllis,Hicks,phicksci@naver.com
384f6ab8-709b-4f6a-bcd5-e614ac828dc0,Billy,Richards,brichardscj@geocities.jp
62d55b2e-1b9e-44a9-9568-6e6f5b1c128a,Roy,Jordan,rjordanck@e-recht24.de
de92a707-32a2-4647-999e-908f400f68e0,Theresa,Knight,tknightcl@exblog.jp
5970bd6c-06cf-4b9f-b8d3-e626636f8bcc,Mildred,Rose,mrosecm@about.com
14dcc18e-985e-4518-9f17-458665642750,Jerry,Olson,jolsoncn@e-recht24.de
cc9b5552-6447-4790-8894-dce5a15b7978,Frank,Lopez,flopezco@histats.com
c608a08e-7d6b-4d1c-957c-a0e17c12fa63,Ryan,Schmidt,rschmidtcp@hexun.com
d3f8010a-fe69-4c19-a057-349c60321185,Ruby,Nguyen,rnguyencq@google.de
e7de61b1-fd73-45b1-b399-ec1f2616d279,Gary,Torres,gtorrescr@hp.com
8d73e865-c067-4adb-b934-38ed1d471651,Theresa,Porter,tportercs@gizmodo.com
42fa27be-c00b-4e25-bb14-0222559c4153,Craig,Arnold,carnoldct@tumblr.com
eb9b43df-c5fb-430f-8303-612274b356d6,Theresa,Lopez,tlopezcu@ca.gov
7965de26-63ec-45e3-b880-611a528bfcf7,Justin,Miller,jmillercv@meetup.com
ec13b5e4-d828-457b-917d-12371748c0d2,Martin,Harris,mharriscw@spotify.com
83002bda-21f6-4d50-9a3e-4c61782a7428,Dorothy,Wagner,dwagnercx@a8.net
79a3d8bf-e6de-4cb5-b23f-634159788344,Douglas,Stevens,dstevenscy@facebook.com
48b297f6-3f45-4b92-8e8a-699372383955,Craig,Carpenter,ccarpentercz@un.org
e5e8a549-b7e6-4dbf-9676-7265e9d23a2c,Donna,Brooks,dbrooksd0@ebay.co.uk
37442bde-da89-4fe7-8516-07030e851fbe,Jennifer,Hunt,jhuntd1@vk.com
390fb4ac-e5b8-4484-a680-ebf54da22181,Diane,Harper,dharperd2@blinklist.com
9db1213c-5ed4-435c-92e7-933aa0e317fd,Antonio,Spencer,aspencerd3@psu.edu
e126914d-48f3-48b5-a4e6-ffeece5ccbc7,Deborah,Fuller,dfullerd4@who.int
672b83c5-7be8-4bdc-ac5a-b4d8dff67e56,Harold,Cox,hcoxd5@ustream.tv
ab8f4b04-fb89-4cbf-bccf-b4e869748ca3,Cynthia,Stone,cstoned6@youtu.be
73a366ad-d00b-4524-ab48-2805c133a7ee,Raymond,Rice,rriced7@mozilla.com
c115aced-c591-4cb8-81e1-d0982b8860f2,Judy,Fields,jfieldsd8@issuu.com
fc75538d-038d-4423-9666-07e91416645d,Rebecca,Kennedy,rkennedyd9@wikia.com
d600abcc-c90c-4947-a782-568872c33cf6,Terry,Weaver,tweaverda@printfriendly.com
b47c2f7e-58f2-4e1c-9218-8d9c095d2f0f,Chris,Collins,ccollinsdb@netvibes.com
61d7d301-7dfb-474f-b125-023137e1ffe5,Charles,Vasquez,cvasquezdc@typepad.com
24d8a734-b3d7-4285-8522-26a762cd7d80,Juan,Franklin,jfranklindd@sogou.com
bdb86318-2102-4202-906d-c13a8faac851,Fred,Watkins,fwatkinsde@techcrunch.com
9c1b3789-a10b-44fc-b8e3-560c63e6eeb3,Gloria,Berry,gberrydf@mtv.com
17099903-1d0d-4d60-823d-52e8b6df9087,Judith,Lynch,jlynchdg@ted.com
43f05ad1-7409-4430-a206-f16e6451fc20,Christina,Tucker,ctuckerdh@dailymail.co.uk
421f88d9-ba4e-4df6-9f4f-36ea65aee827,Margaret,Sims,msimsdi@apache.org
8785dbfb-f01e-4d6e-aba3-7605a4e59d4c,Roger,Morgan,rmorgandj@soup.io
97136afd-2455-4b0d-9598-54e77795c983,William,Meyer,wmeyerdk@imdb.com
59514f3c-35e9-43b1-873d-ab1de21fefd3,Amy,Harvey,aharveydl@ox.ac.uk
e98dda8f-feed-4ad9-bcf3-bf19a8390177,Matthew,Greene,mgreenedm@yolasite.com
6c547609-797e-49a0-af06-7a0fc33c898b,Helen,Elliott,helliottdn@chicagotribune.com
c1ec558c-cf81-4b28-8494-8a8ce54c610a,Walter,Day,wdaydo@techcrunch.com
ba65344f-1880-4e8c-a03a-20d04a3ffc91,Richard,Moreno,rmorenodp@google.com.hk
d7a420ef-e358-497d-9e57-bb3c8fda144a,Raymond,Watkins,rwatkinsdq@amazonaws.com
2e9ed561-4246-4581-b199-af5807aefa4e,Jane,Hernandez,jhernandezdr@newsvine.com
d2038c3d-09a6-4341-ac3c-f389a6c949fb,Jerry,Reed,jreedds@dell.com
d19198e6-9485-47bd-8d7f-173030d7f284,Nancy,Adams,nadamsdt@princeton.edu
d8ba7d34-b906-4458-bad0-1968de069147,Kathy,Gray,kgraydu@yale.edu
39dfcf81-3771-4cc4-b880-167ad4eb4c11,Joe,Hamilton,jhamiltondv@un.org
2c02da61-d517-40bc-bf6e-a527800c4bee,Joyce,Barnes,jbarnesdw@mac.com
0c8cc711-6eca-43a2-a862-772a7061ecdd,Margaret,James,mjamesdx@diigo.com
6badb77a-cb76-4bd9-a759-002007854837,Gary,Young,gyoungdy@hud.gov
10d8a820-667b-4057-83ff-7a3519d28a3d,John,Wheeler,jwheelerdz@issuu.com
69417968-b229-40d3-8a11-565f8bb2f84c,Carol,Rogers,crogerse0@yahoo.co.jp
e879e1a6-c35e-4bc5-b7a4-26c1a5a6216d,Richard,Moreno,rmorenoe1@home.pl
5b5f11c7-427b-46c9-9423-ab78684c898f,Richard,Chavez,rchaveze2@examiner.com
20c0d9ce-b2c4-427b-9d7e-d516825e5d92,Rose,Burton,rburtone3@ibm.com
5cd68440-5022-4937-8306-25dfabc13e23,Heather,Reed,hreede4@cdc.gov
39e8046b-562b-4c20-97da-6e19b61beee1,Kathryn,Robertson,krobertsone5@stumbleupon.com
05a20495-e547-456d-9c60-4918b9ad480e,Benjamin,Mason,bmasone6@angelfire.com
e7828f53-0628-4d75-b5f9-52595814083c,Roy,Hill,rhille7@storify.com
4b5d0eb3-505a-4d62-b502-4e605bc64dd9,Christina,Burke,cburkee8@dion.ne.jp
36ed497b-e36b-440d-b6ad-0f1817dcbadf,Christine,Jacobs,cjacobse9@comsenz.com
432e1ff3-85a0-4f84-8dc5-3c3d2277e73a,Rachel,Palmer,rpalmerea@msn.com
c0e6a04b-6e5a-4274-ac32-a942c0a117da,Bobby,Cunningham,bcunninghameb@csmonitor.com
47728cd4-dee7-44dc-b748-a22351ae4d3f,Arthur,Roberts,arobertsec@fema.gov
40d10d15-de46-47dd-8e7c-338c01037c32,Sara,Meyer,smeyered@telegraph.co.uk
304f1fbc-f6a4-437a-9836-110ddc74953a,Walter,Johnson,wjohnsonee@ft.com
953f4467-f856-4ce7-9700-c7a85217dd28,Billy,Moreno,bmorenoef@clickbank.net
70b301c9-0dcd-4fd6-a49a-419b88abbd4d,Jonathan,Green,jgreeneg@weather.com
1e27929d-621d-4eb8-8028-a27736246d8f,Gerald,Moore,gmooreeh@springer.com
2a58d986-80d8-4b0b-a4a9-7e76d012329d,Lori,Hernandez,lhernandezei@marketwatch.com
47dad0fa-547f-4d57-a6cd-88343fa795a3,Ernest,Morris,emorrisej@ezinearticles.com
a24d3c9b-90ce-4883-bc37-4b5cb174b9a0,Annie,Gilbert,agilbertek@bandcamp.com
b553cc43-d3f6-42a2-89d8-090ea9bd54f5,Sean,Harper,sharperel@virginia.edu
3e49346d-ee2b-4c4a-9e20-568ed9c98968,Alan,Berry,aberryem@yandex.ru
48f73eb3-7344-415f-a148-6bcaf79f5a2a,Nicholas,Bowman,nbowmanen@mediafire.com
a167b9e5-2ee8-4644-bbc0-90f50ce5ab85,Benjamin,Henry,bhenryeo@webs.com
e6bae92a-cce7-4d11-a5c0-18177ae20f93,Judy,James,jjamesep@bravesites.com
4062e870-abc5-4596-a91c-fbe96f697960,George,Mason,gmasoneq@friendfeed.com
1036da04-f4da-4b0c-95eb-dfae5cc9f8a3,Rebecca,Johnson,rjohnsoner@studiopress.com
aac306e2-0fd8-4a5f-b0f6-59075fa10ce3,Louis,Smith,lsmithes@rakuten.co.jp
97921c2b-754f-4855-9df3-852cb7acaa7a,Ann,Shaw,ashawet@home.pl
8ba47e25-3a44-4dcd-a667-30fad8ea566b,Tammy,Fields,tfieldseu@mit.edu
e086aa4e-29b6-4b21-89b7-45b7e9b59424,Ernest,Jordan,ejordanev@goo.ne.jp
139581f0-e9ca-47fd-8387-25c134705f6f,Joyce,Gonzalez,jgonzalezew@europa.eu
c3b3e272-fcae-4fbb-a716-fe0102a60d3a,Alice,Price,apriceex@multiply.com
957ed27a-d907-476b-91b2-91d704415c6a,Jessica,Young,jyoungey@symantec.com
ad5e95ee-9bc3-4452-ab43-c6d060e3bcfc,Aaron,Pierce,apierceez@aol.com
64fee0eb-6762-4a77-9acf-9bd4fcdf839f,Laura,Bishop,lbishopf0@pinterest.com
f9a54663-02d1-418a-92c2-fe0560dfb27e,Brenda,Murray,bmurrayf1@over-blog.com
132250cb-7b66-4b6a-aac3-0e3a8b49e5aa,Jose,Hayes,jhayesf2@1688.com
82f09579-b99d-4fe7-89a5-ab0cf8154bc7,Jimmy,Baker,jbakerf3@yellowpages.com
e5b5c367-c2c1-4429-893c-26740d5ba65c,Cynthia,Wells,cwellsf4@gov.uk
f718b08e-242b-4010-9af2-ed24aeadd20e,Antonio,Bell,abellf5@census.gov
ad9a37c5-a47f-419d-beac-92224e4e1890,Deborah,Boyd,dboydf6@vistaprint.com
c35b9059-d960-45eb-9797-476efeddaf28,Antonio,Stephens,astephensf7@de.vu
cceb864f-4b06-43e6-99bc-c526963cf88d,Betty,Hayes,bhayesf8@time.com
3917312e-9e35-4fe8-8135-0df7eab42012,Adam,Grant,agrantf9@merriam-webster.com
b0013d4e-a452-4f8a-a7a3-970508429d00,Jane,Simpson,jsimpsonfa@google.ca
06a149a4-222e-4e74-8e70-63142fd5d0d3,Anna,Gutierrez,agutierrezfb@about.com
c61b5ab9-f5ff-4de9-aea0-63befeeed251,Alan,Hawkins,ahawkinsfc@jigsy.com
eec49f03-69a0-48ea-a697-2fce7e48c587,Amy,Long,alongfd@goo.ne.jp
97b7f4b0-369f-465a-b56d-b13bd77fbee0,Earl,Freeman,efreemanfe@stumbleupon.com
f1c6433b-f313-4187-88d9-86ed8e056336,Michelle,Ross,mrossff@qq.com
4047c795-b2d6-408b-a6bb-de2b23316a98,Barbara,Hanson,bhansonfg@merriam-webster.com
a9f61183-f242-422f-8d8c-d953324d020c,Joe,Gutierrez,jgutierrezfh@1und1.de
b0aa41aa-999a-4542-913d-0702c3f02637,Judith,Hayes,jhayesfi@google.com.br
e4651949-60e2-4726-a40c-8705d7be17bd,Kathleen,Griffin,kgriffinfj@vistaprint.com
0e026759-3f4e-4695-871f-43b73fc7b685,Sarah,Boyd,sboydfk@pcworld.com
13b4fcf4-bc3a-4827-9d9e-cfa45841936c,Debra,Duncan,dduncanfl@cnet.com
dc3a39cc-d436-494f-bd8d-482a4c197c17,Dorothy,Russell,drussellfm@archive.org
65b24cb4-0ef8-423d-a10c-47f66eb216ad,Billy,Adams,badamsfn@virginia.edu
cd9c6d91-becb-4b29-a102-9d33c6fe24d8,Roy,Olson,rolsonfo@smugmug.com
4f28b0a7-94c5-4c5b-8306-91cb9e3f5836,Anthony,Dunn,adunnfp@pcworld.com
fea559ad-5535-41a0-9dfc-78f9f29b7b13,Donald,Nichols,dnicholsfq@netscape.com
52a82d84-9e0a-4dc6-88a4-b72c1a29247a,Paul,Grant,pgrantfr@chron.com
59cc3dca-4b25-44b7-acf8-d8db43a53eda,Mary,Fernandez,mfernandezfs@sitemeter.com
881063be-9204-430c-aacb-0dd2101f6251,Jeffrey,Morris,jmorrisft@jalbum.net
d7f9f7ef-5db2-4c48-a345-caa249e1ce88,Larry,Owens,lowensfu@addthis.com
a144ed3a-e71f-4980-8bd8-deaf9d57ed61,Diane,Richardson,drichardsonfv@furl.net
51f8e10d-f261-4d82-a17f-580afeb53a38,Jessica,Jordan,jjordanfw@seattletimes.com
8ad9e415-ff92-447b-a740-ef2c90940cbb,Martha,Gonzales,mgonzalesfx@typepad.com
fba6ca59-d7a5-4158-9995-915008ca6131,Henry,Lopez,hlopezfy@paypal.com
4b826ab4-cdd4-4690-b364-ef03903aa56e,Wayne,Taylor,wtaylorfz@booking.com
0ea32e27-4e38-449b-890b-0f0d78d2dbb1,Norma,Ward,nwardg0@naver.com
b6c9dcec-6504-468b-a598-a19946565ea8,Barbara,Olson,bolsong1@4shared.com
d088f5c2-32e6-454c-b46a-d9e0f2d5ef49,Margaret,Henry,mhenryg2@desdev.cn
1b682fc1-4484-48f6-b6f4-fde5eef8a4a2,George,Cook,gcookg3@discovery.com
c6eedf1e-5aa3-4df0-9234-e344d8926b0c,Johnny,Greene,jgreeneg4@nymag.com
cf1cd709-a8ca-4c98-93d5-c01a7e538e30,Harold,Matthews,hmatthewsg5@harvard.edu
eb198f3c-b8e8-4a14-9233-7c1a15930833,Gary,Young,gyoungg6@plala.or.jp
34cbb43c-f192-446f-a165-1f82c9f41382,Janice,Fisher,jfisherg7@purevolume.com
f1bb71de-6f52-48f1-ac76-bb822d44b9ce,Laura,Crawford,lcrawfordg8@who.int
caa4fe32-915d-402f-a8d1-d8afadea18ed,Theresa,Armstrong,tarmstrongg9@cbslocal.com
bc85f2e3-2149-4430-b0ae-db27df3ce52e,Adam,Gray,agrayga@umich.edu
e1de4b7d-d081-45fe-9abb-7327c34f8ade,Larry,Rice,lricegb@thetimes.co.uk
2cb10a6c-b1a2-4319-ab53-f6d46404da36,Ryan,Morgan,rmorgangc@webeden.co.uk
44272467-6000-45e8-a4c0-dd874cc1fca1,Julia,Jordan,jjordangd@wufoo.com
f6a6b613-c441-45c1-ae75-fe6e8f4db421,Janice,Carroll,jcarrollge@wiley.com
a7c9d068-4c02-430c-b974-0d29fd6f087b,Denise,Olson,dolsongf@aol.com
c84d959d-49c3-47ae-93ef-861457e12e4e,Earl,Allen,eallengg@google.co.uk
53327b36-3109-4dee-87c4-e3145935b312,Wayne,Kim,wkimgh@nationalgeographic.com
972c79a9-8873-4a4f-82f5-20950b0ded31,Mary,Montgomery,mmontgomerygi@symantec.com
583d030e-d34b-4dfb-884f-425b203b35bc,Steve,Thomas,sthomasgj@noaa.gov
be50f7a5-31a2-4470-84c3-a5f95f6e6853,Emily,Ross,erossgk@mit.edu
6b0df969-e427-41fd-bd3c-29427ca1e692,Jacqueline,Simmons,jsimmonsgl@nytimes.com
c0916507-83b2-4689-8360-5df7dcbd16f8,Eric,Harris,eharrisgm@moonfruit.com
c9f07d38-1b52-4a05-8e92-b21934cdd016,Samuel,Diaz,sdiazgn@clickbank.net
ded4653b-bc40-400b-ad10-04f2b939f0f6,Fred,Henderson,fhendersongo@google.com.au
3a610aa6-5248-492c-82cf-573ab4a9c8e2,Tammy,Perkins,tperkinsgp@usnews.com
cc73f725-cba3-4c79-999a-d71939ce7443,Arthur,Patterson,apattersongq@photobucket.com
d636341f-5402-49bf-beff-2cf7f39e7f2a,Kathy,Martinez,kmartinezgr@illinois.edu
285fe0df-6fcf-41cb-bb7c-6776abd5318c,Rachel,Little,rlittlegs@infoseek.co.jp
74a3f173-531f-4c33-88b5-bf98dbb448f6,Rose,Greene,rgreenegt@dmoz.org
3256504c-21b9-4e0a-ac96-48791b472a57,Anna,Brown,abrowngu@indiatimes.com
5f57f619-b157-454a-a01f-cbb3b4a1a5a1,Patrick,Walker,pwalkergv@hibu.com
8ee81d12-dda2-444b-af97-91991175c38e,Craig,Rice,cricegw@amazonaws.com
e43801a9-9f65-4cfc-8029-52dc4fb4b987,Sarah,Gutierrez,sgutierrezgx@guardian.co.uk
8217114f-451d-4c73-81a0-01f43b2677aa,Laura,Gray,lgraygy@disqus.com
026703f4-3708-4d8e-9eb4-8b09eb1fc450,Scott,Hart,shartgz@psu.edu
321b5390-d419-4005-a773-1e536d37c191,Karen,Torres,ktorresh0@shutterfly.com
a0875f82-2224-4b35-af81-d8fe1468c67c,Lori,Powell,lpowellh1@opera.com
e03c3e3a-595f-455a-b31c-834e9572187a,Andrew,Matthews,amatthewsh2@about.me
0fd78729-f7c5-40e7-8ec5-81055829b73e,Carl,Stanley,cstanleyh3@mlb.com
5634b361-9e37-4242-b5e7-7f04184fc22d,Amanda,Cole,acoleh4@umn.edu
cdd3e22f-64c2-47c7-82bb-450411c1d91f,Donna,Edwards,dedwardsh5@eepurl.com
74bdaecc-43f4-4402-88f8-55571acb4bda,Carolyn,Johnson,cjohnsonh6@lulu.com
4bef0311-f2f2-41b5-b40d-c624ca52194b,Jason,Moreno,jmorenoh7@merriam-webster.com
01820a70-5f63-471c-94c5-44b2a1c00eb9,Kathryn,Alvarez,kalvarezh8@zdnet.com
59d1fd24-8062-497a-95bb-39dd53d31b73,Justin,Mason,jmasonh9@illinois.edu
74796087-8090-4e08-9a9d-a002da6ce696,Christina,Warren,cwarrenha@economist.com
c4602853-4a5e-4acb-be08-f768f96d3d07,Mary,Adams,madamshb@pagesperso-orange.fr
5ca46a20-88f9-4257-9b87-1cfb0f86ca30,Katherine,Romero,kromerohc@usgs.gov
db5f62db-5cd6-4a57-a2d4-19a1e13d2dd3,Virginia,Castillo,vcastillohd@pbs.org
af635ae4-3da0-44f9-b440-47bd57007284,Cynthia,Greene,cgreenehe@walmart.com
4457e426-9537-4042-a580-0d527c89cc15,Christopher,Peterson,cpetersonhf@nydailynews.com
20cd6309-4ef5-4437-af83-d54fe48759f0,Mark,Oliver,moliverhg@nyu.edu
500d912c-505a-480c-b101-ff1569ed6285,Margaret,Perez,mperezhh@amazon.de
340e9dc6-1256-4d36-a053-3b3cea01ffaa,Wanda,Lopez,wlopezhi@redcross.org
486c5c80-eb72-444f-9745-fcc7b35b4a13,Billy,Diaz,bdiazhj@japanpost.jp
68256f66-c176-4041-9bcb-453368249d93,Billy,Gordon,bgordonhk@yelp.com
592422ab-5592-4dae-896f-b78f9374d2bf,Samuel,Phillips,sphillipshl@dmoz.org
3644a750-5fc9-4f98-b798-a5048f2136af,Louis,Arnold,larnoldhm@friendfeed.com
f67290e0-99cb-4106-836e-55cd3ff98c42,Shirley,Morris,smorrishn@wunderground.com
16af3113-7037-4b73-a931-e2599a72df21,Kathy,Grant,kgrantho@buzzfeed.com
b3a9da25-37b3-4c18-a2ff-d6515c9793dd,Adam,Daniels,adanielshp@odnoklassniki.ru
2599b6f2-01dc-4a9b-a9aa-0051d15c011a,Arthur,Spencer,aspencerhq@dyndns.org
fad7f58a-b4ed-4106-9936-2dbc7d34fc80,Shawn,Gonzales,sgonzaleshr@rambler.ru
f8193dbe-a6d7-470a-b8fe-bc4dcba8101b,David,Fields,dfieldshs@t-online.de
e5842e74-d010-4bab-86bd-282ae524485b,Joan,Campbell,jcampbellht@over-blog.com
7176134e-0a7b-48cd-b073-4e422dc40af1,Michelle,Grant,mgranthu@pinterest.com
e4be1d24-10e4-45ed-b9ef-c8c370f5b99c,Douglas,Medina,dmedinahv@house.gov
d0b90f1b-2ab9-4639-8d58-dde2cfb5259f,Mildred,Ruiz,mruizhw@fc2.com
5e737aa3-f7ae-4783-985c-2bbd1415d375,Adam,Holmes,aholmeshx@biglobe.ne.jp
b746b8a8-93b3-4439-b2a8-79b87021eee3,Thomas,Adams,tadamshy@myspace.com
60de645a-77d9-48bd-9a56-08e4ed46c9f5,Eric,Welch,ewelchhz@bigcartel.com
bd31c261-bd99-4c7c-864c-cdeaa7fcf71f,Craig,Jones,cjonesi0@redcross.org
04143319-c1a4-4f0c-86fd-2f0f6e2f8b01,Denise,Weaver,dweaveri1@fc2.com
ebb4272a-898f-4e6a-9440-de10ec03baee,Brenda,Bell,bbelli2@friendfeed.com
dbbe1fa2-f959-4d89-b5c6-81888804fa8f,Carlos,Smith,csmithi3@ucoz.ru
5a1400d7-d1d3-46e3-8fac-97a6862a44ee,Carolyn,Ruiz,cruizi4@cbsnews.com
5811850d-7e2f-4540-9d49-d97ea5f22c7c,Jessica,Kelly,jkellyi5@plala.or.jp
80ea00e8-db6b-4c39-863e-7ac297af52e6,Judy,Murray,jmurrayi6@wordpress.org
5c4d18e1-4cc4-4eb9-8b80-89a297fc7554,Jacqueline,Richardson,jrichardsoni7@microsoft.com
17045db1-e822-40c6-b050-830e261197d9,Ann,Adams,aadamsi8@prlog.org
8c440b7a-f734-4579-b158-2548bf02d26c,Carlos,Moreno,cmorenoi9@prnewswire.com
cab8513d-1984-4a23-828c-83baa9b5b598,Matthew,Andrews,mandrewsia@over-blog.com
967d2938-1886-4dce-8951-926b6878d11e,Elizabeth,Evans,eevansib@hexun.com
a755db0b-3ba7-442f-864d-0da6950b52a2,Shirley,Gardner,sgardneric@fc2.com
e76a3e89-c208-49ab-bf51-50e2d002bf6f,Timothy,Hernandez,thernandezid@canalblog.com
f22f0122-a867-4f6a-ab1c-d2dd45bb648e,Karen,King,kkingie@mozilla.org
dc95228a-4253-4088-85c6-781b121e06e4,Chris,Fox,cfoxif@yandex.ru
0ae4982f-7b2b-4ae0-9b08-2690dc6936ec,Louis,Anderson,landersonig@sphinn.com
b2a5f6b4-c649-4ebb-8a3a-788667f2b05a,Jonathan,Hamilton,jhamiltonih@domainmarket.com
23c9bca3-f73b-44bd-8d10-fa09d5f8132c,Nicole,Greene,ngreeneii@nyu.edu
4572bc02-372b-45ba-89ac-e09309fa5798,Amy,Chapman,achapmanij@economist.com
b5d6ef33-01e7-46b2-a1e9-3a74085ae018,Martin,Henry,mhenryik@free.fr
c70319d7-a7fd-4030-97c1-a6f06d9cce61,Nicole,Barnes,nbarnesil@gnu.org
32619399-e2bf-4641-ba86-857a0923b63e,Eric,Rivera,eriveraim@w3.org
3c282a07-5604-43b0-99a5-b3d259903bf2,Jane,Henry,jhenryin@stumbleupon.com
0d520977-c939-4dd3-8893-a52285f092da,Nicole,Rice,nriceio@nps.gov
13b8a0eb-f1a3-4e61-ae50-6135f99faad9,Tammy,Franklin,tfranklinip@simplemachines.org
2f0deede-0cae-4c22-8712-1e1ab3304558,Brenda,Lane,blaneiq@example.com
ca477ab3-d78f-4d89-b867-44e9e47ff3ca,Diana,Banks,dbanksir@engadget.com
a5d8c32f-41b6-4070-98b0-1dbf72eabded,John,Hunter,jhunteris@weibo.com
dd2d9b9a-d8d4-4ff3-8d06-0d209fe33fe1,Evelyn,Howell,ehowellit@symantec.com
5a25c76d-06f0-49e1-b7e5-8a30d4c69ab1,Joseph,Romero,jromeroiu@marriott.com
45d9703e-3442-44d9-8ce1-3b96b393dbb3,Andrew,Fowler,afowleriv@usnews.com
6f81e2d1-5d86-4ae0-9c8a-268d68eed348,Ernest,Andrews,eandrewsiw@surveymonkey.com
504bbc9d-d80b-4fbf-b8e2-5fbf69e6c664,Kevin,Alvarez,kalvarezix@engadget.com
2b7fffd1-dc4d-4718-926c-4c4d4ed091eb,Joshua,Berry,jberryiy@unicef.org
92998ec6-9a59-4e48-bdb7-130744b2181b,Brian,Perry,bperryiz@blinklist.com
6e385b28-a854-4fe9-81d7-b04380760de5,Nicole,Diaz,ndiazj0@theatlantic.com
8ac1eac9-7d3a-454b-ac0f-4c747b313d23,Nicole,Stephens,nstephensj1@unblog.fr
444cfc53-dba7-4142-992a-67ddd968b1a8,Doris,Snyder,dsnyderj2@chicagotribune.com
1b3293c9-cd3c-4f85-81f7-f76d81ec87b5,Ralph,Henry,rhenryj3@hatena.ne.jp
1c267254-c8b6-48ba-9fbc-bd023889bcb5,Teresa,Hamilton,thamiltonj4@accuweather.com
63fe38d3-8e7a-4759-bddc-8509a645af3e,Catherine,Grant,cgrantj5@clickbank.net
2ab51c78-4153-4b1c-af45-2856f54e9be4,Harry,Stephens,hstephensj6@arizona.edu
9125130d-840b-4ef9-8d26-3ea262036f9e,Craig,Howard,chowardj7@csmonitor.com
c6d7409b-04e8-4891-a7b5-11c93098051d,Christine,Ramos,cramosj8@ed.gov
54b15bb4-0590-4913-b46b-862f275af29f,Albert,Moore,amoorej9@delicious.com
5f71f46d-3bdc-4b36-a350-44f5f299c74a,Diana,Hawkins,dhawkinsja@nifty.com
6d3104f9-fb5a-4097-a49d-44ec6f7c3b45,Linda,Moore,lmoorejb@istockphoto.com
12b7ea67-8b79-4ab1-9502-535608cea4cb,Patrick,Kim,pkimjc@nbcnews.com
25121ee8-1571-4e4c-882c-16aaf80d288c,Janice,Thomas,jthomasjd@bizjournals.com
2da93745-2fa5-4fc1-97e9-8a53f537e495,Mark,Nguyen,mnguyenje@samsung.com
ad03f27e-3530-488d-81f1-17023b0b5ff3,Mark,Gonzales,mgonzalesjf@sina.com.cn
99aac1f8-e3b9-4a43-812d-d067190c7e4f,Joan,Smith,jsmithjg@tinyurl.com
f3ea0300-3a99-473d-98a9-8bb26dbb9afa,Bobby,Foster,bfosterjh@smugmug.com
1ea463a9-68a2-4543-b05d-36de1995e62e,Sean,Jenkins,sjenkinsji@about.com
2611263d-6e3f-4ee1-bf6a-b0ecc574812b,Patricia,Bennett,pbennettjj@paginegialle.it
48b06f7d-7149-48d6-82b1-441f00f2a4e9,Christina,White,cwhitejk@e-recht24.de
3ed430a5-0fd9-413e-8ee4-128674adf111,Kimberly,Morales,kmoralesjl@ihg.com
abafe1ac-44d2-4569-b347-bb254dd1afc4,Robin,Dean,rdeanjm@newsvine.com
e660d4f7-b924-42ce-8143-7c4c25adc568,Edward,Payne,epaynejn@psu.edu
cb7512eb-f425-4cbe-a1b6-b5d20a4b1420,Harold,Hill,hhilljo@usgs.gov
beb1fd7d-43a9-47bc-80c4-474c7ec09f08,Kathryn,Knight,kknightjp@blog.com
56c6c377-e797-4192-b20c-c5b3e31ed99e,Martin,Boyd,mboydjq@uol.com.br
b9594fbd-e84b-4a66-9be8-ad8147437b83,Joshua,Hughes,jhughesjr@yellowbook.com
21a35536-545c-4fa6-a360-52c22e1f5d52,Catherine,Gonzalez,cgonzalezjs@blogspot.com
659568db-b2f2-4525-b84a-ba0c6e4b11e8,Douglas,Andrews,dandrewsjt@globo.com
930208a4-c7c7-4571-991b-34b2ec4a3309,Tammy,Medina,tmedinaju@mail.ru
0d39a97a-33d4-410e-9697-b8cd69a8cae9,Michael,Mills,mmillsjv@senate.gov
f11a465c-3142-4ddd-967e-3e9094cb7c03,Betty,Nichols,bnicholsjw@rambler.ru
87eac0e4-fa4f-4f08-9d75-f64888a17d9c,Mary,Kelley,mkelleyjx@youtube.com
124d93ab-5f20-44ce-a6bb-8610899300b6,Diana,Gordon,dgordonjy@google.fr
865e0556-b076-4ede-8eea-91711df36a65,Johnny,Howard,jhowardjz@dropbox.com
22cd552d-345c-4089-9d99-1ba9dc3edd3b,Jennifer,Willis,jwillisk0@discuz.net
e0773f03-476c-4547-8427-87d762e4c103,Kathryn,Torres,ktorresk1@imageshack.us
be16f53d-a341-4958-85da-245dc974ae38,Anne,Elliott,aelliottk2@yale.edu
c3055af7-0056-40f6-ae91-28aea87daba0,Catherine,Ward,cwardk3@t-online.de
746462da-72db-42d4-9d6f-666267f54096,Todd,Robertson,trobertsonk4@icq.com
10107dbe-3936-455a-9509-e9eedc95a0ed,Brian,Morgan,bmorgank5@dagondesign.com
17627223-d9b3-4444-ad31-01cb82eb8e37,Deborah,Parker,dparkerk6@senate.gov
24b1687c-3887-475f-94f0-026dbf1686ad,Kevin,Washington,kwashingtonk7@google.ru
d533c577-9a9c-42a6-a4fb-72b828585c4a,Ruth,Wheeler,rwheelerk8@naver.com
8bacabc7-7f27-4bcc-ad68-3e9379b65594,Nicholas,Harrison,nharrisonk9@biglobe.ne.jp
7c73082e-964c-4af1-9b9d-5f4f481370ca,Jesse,Little,jlittleka@exblog.jp
7a575c95-b360-4452-8f60-ee309467b619,Douglas,Foster,dfosterkb@angelfire.com
db92115f-51c2-4399-b04a-424e248e3d16,Antonio,Walker,awalkerkc@booking.com
9cd2d3b1-e05d-4f34-92b9-b9e9f3191628,Rebecca,Williamson,rwilliamsonkd@gnu.org
7df227ba-c458-4726-a4f8-b00dd0abe8cf,Elizabeth,Murphy,emurphyke@altervista.org
5f7ce2b3-1018-4469-a181-98ebe7f708eb,Kathy,Smith,ksmithkf@admin.ch
69f4590c-84b4-454c-ae0c-4f08f857b56d,Walter,Anderson,wandersonkg@joomla.org
4fd37877-1849-4649-8007-43978880eb23,Pamela,Brown,pbrownkh@networksolutions.com
79e60cc1-a3ef-497d-bfcc-da711a7cef22,Terry,Wheeler,twheelerki@weather.com
337acfa2-4655-40a9-86fb-4d17a69b26fa,Julia,Morris,jmorriskj@diigo.com
d8a53812-ba03-4199-8a2f-f32a532a4f84,Christine,Ryan,cryankk@wiley.com
afed3bff-7d65-4c74-a775-dea2712191c9,Andrea,Rivera,ariverakl@parallels.com
88ee0b05-4640-448d-982b-e8612655d59d,Jimmy,Davis,jdaviskm@cdbaby.com
ee2e5723-49db-48af-8a9b-3f24dfc7d2d1,Julie,Wagner,jwagnerkn@washingtonpost.com
9a282442-5f21-4073-b087-0f6aee9749a2,Louis,Shaw,lshawko@apache.org
c9c4ae16-2e74-42b7-ac37-b1a12a0de423,Pamela,Weaver,pweaverkp@ycombinator.com
8bcd633e-3445-44da-b8ee-547626c15a97,Michelle,Stewart,mstewartkq@cyberchimps.com
4144e75d-af1a-44e7-b3d6-a91ac895cbbd,Sean,Davis,sdaviskr@liveinternet.ru
319b1e62-f82f-4e55-90c6-f7c966ab803f,Carolyn,Harrison,charrisonks@auda.org.au
7fcb3c4a-f583-40c1-877f-757847ab1aaa,Terry,Garza,tgarzakt@drupal.org
31ec00fd-6e2a-4693-996c-7e88c0220eab,Marie,Willis,mwillisku@dropbox.com
1a20d4dd-3953-4041-bd56-ef262a011abf,Carolyn,Medina,cmedinakv@people.com.cn
6567a5b9-4a0e-4b96-beab-d471f90f9c87,Louise,Johnson,ljohnsonkw@google.cn
122a9d23-c542-45be-a32f-36115cc9c2b3,Alan,Campbell,acampbellkx@alibaba.com
57cb6574-0057-4730-b84f-ac9dfd75ac56,Harry,Harris,hharrisky@reuters.com
a0c4944b-12f5-44f5-b3a9-80610f10c328,Antonio,Day,adaykz@va.gov
fc04f08c-fd59-4723-9ad1-121b55da1988,Betty,Harper,bharperl0@who.int
d99a7f5a-c2a7-41d2-b102-257ba1a7e129,Heather,Montgomery,hmontgomeryl1@marketwatch.com
7a0f6cdb-cd02-4ad8-9075-494e3a43b2d2,Eric,Wilson,ewilsonl2@imgur.com
78f6cff6-6232-4368-8251-058226f43d31,Carlos,Davis,cdavisl3@joomla.org
d365b83d-0caf-4028-805c-cc90efb40349,Jose,Green,jgreenl4@netscape.com
f10706b3-f064-4b4c-a2cb-4c640e0c1c0a,Diana,Rice,dricel5@ow.ly
fa2efc75-62d9-49b6-bed2-10e03737310a,Janet,Clark,jclarkl6@scientificamerican.com
b78e1822-d0bf-48e7-8633-e4633594e5a1,Lisa,Williams,lwilliamsl7@cafepress.com
e2cbad67-bae0-4031-b5a0-5efc7686ff16,John,Simpson,jsimpsonl8@delicious.com
76f3940c-bc68-4526-871e-71e933889db8,Brenda,Ross,brossl9@myspace.com
289b8adf-fba5-4a12-ac3e-c63cf9a7f624,Carolyn,Spencer,cspencerla@google.cn
5086781e-80f9-48fc-b09c-ea02f98649e2,Julie,Myers,jmyerslb@wsj.com
68fecd72-237e-4f8b-98df-b75900ceaf70,Russell,Ruiz,rruizlc@google.co.uk
92574417-aefe-47d9-b217-ea0885934a9b,Paula,Walker,pwalkerld@geocities.jp
17ee10fe-aa60-4f5e-854a-1fd5225547a8,Judith,Stevens,jstevensle@imageshack.us
b88e2200-e785-41b8-baaa-6ef89e7a331c,Beverly,Smith,bsmithlf@theglobeandmail.com
e8e055a7-b877-4b8d-b049-6fde2554d8e7,Kathleen,Ramirez,kramirezlg@posterous.com
ffd0272a-2329-4d7a-80cd-3be6042fdda6,Lisa,Nelson,lnelsonlh@storify.com
53e5b86d-becf-4898-903c-4de5c4495cf3,Nicole,Pierce,npierceli@umich.edu
439324f0-a219-4660-8d70-c1a4e3568c07,Norma,Campbell,ncampbelllj@scribd.com
3671e678-0b39-4173-b478-e81b7b038441,Irene,Turner,iturnerlk@apple.com
72066fbe-1fa8-47ec-9c9b-570a5c619708,Fred,Moreno,fmorenoll@miitbeian.gov.cn
738ffcf9-0f76-4ded-b66d-cf184282556e,Lisa,Foster,lfosterlm@tumblr.com
cc9fb2f9-012d-4040-84a9-10650137cf7d,Carolyn,Butler,cbutlerln@typepad.com
8b340e7e-bf99-4f3e-bef2-6c5049e1d0d0,Richard,Shaw,rshawlo@ebay.co.uk
a3d7a0f3-445a-4651-acd6-da2bd8aa36f7,Diane,Ramirez,dramirezlp@mysql.com
9b87b0bb-4e46-4394-a8c0-85f057a51fd1,Deborah,Larson,dlarsonlq@cisco.com
4df28313-f197-403a-a1da-aeaf1de6d8f3,Harold,Nguyen,hnguyenlr@phpbb.com
c231aff6-65c3-426b-a77c-96a0858f72a7,Bonnie,Russell,brussellls@home.pl
d63b84cf-2e31-427d-a565-9b8398ea706b,Stephen,Fields,sfieldslt@addthis.com
8b6b4117-2141-4c40-ac87-5d4da278f88e,Martin,Lane,mlanelu@posterous.com
7aff21f0-190f-4036-a1ba-acd9077ca777,Teresa,Ramirez,tramirezlv@google.es
7d0fe99b-00b7-4e7d-b1cd-f84dccbba032,Todd,Arnold,tarnoldlw@harvard.edu
2f4e0a8f-aa5a-4cf8-8129-8581fe93ace0,Carlos,Hawkins,chawkinslx@nationalgeographic.com
e35bf903-93b3-4552-9d2b-99fa4e31dcc4,Mildred,Roberts,mrobertsly@cam.ac.uk
94743b53-28cf-4870-8fa8-0105d6da3805,Rachel,Dean,rdeanlz@shutterfly.com
f2489647-1023-4722-b237-6e07052a423c,Shirley,Sanders,ssandersm0@arizona.edu
fe5434cd-437a-4c90-9fca-a0ac6b19e697,Evelyn,Dunn,edunnm1@blogtalkradio.com
47b4b483-d881-48bb-9f24-af0c5fa57d51,Martha,Welch,mwelchm2@opensource.org
d9e49452-e6b3-4075-82e4-fef609a858ed,Ralph,Woods,rwoodsm3@msn.com
8e054633-9519-49d5-8f26-aaf7790c932f,Paul,Stone,pstonem4@google.pl
6f38c3be-060a-48fe-9003-99c7182bb016,Phyllis,Perry,pperrym5@sfgate.com
8c7f8c1c-9a7e-4d2c-bc38-a423542cc156,Carlos,Torres,ctorresm6@umn.edu
98348b61-afee-4e2f-9f4e-cf718c711167,Robert,Harrison,rharrisonm7@creativecommons.org
d40634ba-dc5b-495d-9730-6365e7790dc7,Judith,Adams,jadamsm8@topsy.com
e756bad1-17a2-4ea7-a702-54aba5a8f0db,Diane,Long,dlongm9@yale.edu
24a1db6e-42cb-4db4-867c-269e26d5fd96,Willie,Rivera,wriverama@addthis.com
a576d73e-f936-4f2b-b2b2-e0b3501720ab,Scott,Harrison,sharrisonmb@nba.com
2dddad7d-cad1-48c1-b112-b026a36211b4,Rebecca,Watson,rwatsonmc@feedburner.com
2f21010d-e390-4c80-8ea0-3fab7bb8d34f,David,Walker,dwalkermd@illinois.edu
c80b9642-6ebc-47a1-b129-6a40ac336b9d,Ruby,Payne,rpayneme@cbc.ca
d0e3aeb0-1f9b-423f-a61b-203ed8ce0049,Teresa,Allen,tallenmf@cpanel.net
01d79394-2d86-4f7f-8070-3050c15e7a4a,Ann,Johnston,ajohnstonmg@howstuffworks.com
a6205908-fa2b-4fb7-b69b-d136f31185c3,Janet,Wood,jwoodmh@google.ru
81de7454-3121-4736-b8f6-229afd142517,Benjamin,Williamson,bwilliamsonmi@washington.edu
c8451491-781c-4eea-89e0-0f986243f947,Daniel,Garcia,dgarciamj@apple.com
a6dfde57-2784-4bf1-abd5-3f9f06dbce3f,Judith,Wallace,jwallacemk@wikipedia.org
6d3b921c-4fd0-4502-8249-1c597b4492fb,Sarah,Wagner,swagnerml@constantcontact.com
873e789d-56f9-43fd-aa84-c53c42c6dc9d,Bobby,Peters,bpetersmm@ameblo.jp
1e5021d7-4596-4214-b736-35ca4a5164f5,Evelyn,Wood,ewoodmn@ycombinator.com
45982ffd-4408-4075-b8a6-7ee709000ac8,Anthony,Austin,aaustinmo@nydailynews.com
6bcc77c2-8d6b-4b5e-8c41-21b8a884c5af,Sharon,Bishop,sbishopmp@free.fr
befdc090-c896-48c4-a7d6-8ec1e6cb53dc,Craig,Kennedy,ckennedymq@nbcnews.com
f92de09b-b82e-4aa2-ae64-346cd7c288f8,Timothy,Owens,towensmr@xinhuanet.com
c91c4d39-8d08-46b5-a37e-b4b97685b3b0,Mark,Gordon,mgordonms@latimes.com
6f9006a5-1a67-483e-af80-6660850ec6f9,Rebecca,Hawkins,rhawkinsmt@state.gov
44317a81-3ad6-472f-9a2c-80a5901069e2,Donna,Collins,dcollinsmu@exblog.jp
3b2ad4c7-c254-4cde-9544-1a594fde8697,Nicholas,Griffin,ngriffinmv@epa.gov
7883a20c-8911-4eda-b693-af3d0c341919,Ashley,Phillips,aphillipsmw@huffingtonpost.com
bc0e6df5-005a-402e-9590-c7e66d3e8869,Bruce,Kelly,bkellymx@thetimes.co.uk
ab28c947-ceee-4fe6-bf5c-7a98bc7cbc2e,Jack,Austin,jaustinmy@a8.net
f78c76eb-4ce6-40de-8270-81c01f162492,Bonnie,Gonzales,bgonzalesmz@constantcontact.com
3eefbdf0-a830-408d-b950-140126ef3dde,Henry,Greene,hgreenen0@w3.org
01ddb320-5285-4989-bda4-07d9b3cc1e2f,Harold,Ruiz,hruizn1@storify.com
d1c8836a-fd32-4520-9f3b-b90ccc2ec572,Anna,Palmer,apalmern2@eepurl.com
1e28532d-8d77-4607-8577-4cd7aaf51cde,Timothy,Ellis,tellisn3@w3.org
d140d310-62cb-4973-bd57-1ac67f4bf683,Justin,Marshall,jmarshalln4@cam.ac.uk
a69eceaf-7597-4150-908c-dfd0e2d59fdc,Kathryn,Bell,kbelln5@smugmug.com
16f92d73-5440-4b2a-990d-7a8a78002c05,Tammy,Andrews,tandrewsn6@ucoz.ru
b8e62a75-643c-40fb-abf4-60786c35dad7,Jean,James,jjamesn7@weebly.com
8b742e0e-0b09-4806-a5d0-19f48053198c,Paula,Hamilton,phamiltonn8@istockphoto.com
d00b5935-53ce-462b-9fe4-cede7ab5cc4f,Beverly,Price,bpricen9@xinhuanet.com
bd11ff6a-57e3-4560-8b5c-a5ecaa48a5f3,Howard,Jordan,hjordanna@ftc.gov
93214267-f3ef-44ac-8d6f-b6205bcea336,Evelyn,Duncan,eduncannb@cafepress.com
4f0ae57a-e308-4dbb-96ca-0ba70d9f7214,Lori,Dunn,ldunnnc@ustream.tv
654a4b1f-f88b-4bb1-8641-9372f186aa83,Scott,Olson,solsonnd@123-reg.co.uk
2841181c-63cd-437a-a66b-193699e72960,Susan,Morales,smoralesne@google.nl
70bf967f-cb89-4b86-9528-49353ada203d,Jean,Russell,jrussellnf@tamu.edu
f8c92434-2a5b-43fb-969e-e3d30e2ebd3d,Victor,Reyes,vreyesng@ifeng.com
d920f797-0e3b-4aef-80eb-f0256d3a6d1f,Harry,Patterson,hpattersonnh@myspace.com
9d27d002-e64e-42e7-9b3b-a2fe5cf188cc,Carl,Morris,cmorrisni@issuu.com
29f7604f-c9cc-40e6-875c-5fc22a1e844c,Benjamin,Mills,bmillsnj@chronoengine.com
9b2ffe48-ab42-4020-85ab-a053b83b2fc4,Carol,Ramirez,cramireznk@scribd.com
911923d1-bfe3-4488-a019-61c70bdb9b17,Sara,Murphy,smurphynl@people.com.cn
e63a9123-e919-4bf9-8feb-367b720682e9,Keith,Brooks,kbrooksnm@topsy.com
e11c58fc-576b-4307-9ae1-1151af0a37ff,Frances,Dunn,fdunnnn@de.vu
88dbdb06-3bdb-4043-8f1e-003de5e1ecdb,Fred,Collins,fcollinsno@liveinternet.ru
1b3312e9-c453-4492-b3ff-73837d6613ff,Diana,Gibson,dgibsonnp@army.mil
df4d517a-1730-4ec0-bf63-508b6943aae4,Billy,Oliver,bolivernq@mozilla.com
493c1001-4f96-41cd-82b2-fea6f715a461,Kevin,Franklin,kfranklinnr@weibo.com
41665885-a581-4256-9abe-ceb2ebf3233d,Patrick,Moreno,pmorenons@so-net.ne.jp
ba533ed5-429d-4aa7-910c-3406449652d2,Diana,Carroll,dcarrollnt@discovery.com
9c8ef4ee-c16a-4c10-a4ea-cdccd1bb79a9,Phyllis,Kim,pkimnu@jimdo.com
c51b49b6-7ece-4975-8752-305f439b0978,Patrick,Johnston,pjohnstonnv@columbia.edu
921eb60d-6aa9-459b-91c4-c38199d8d6c7,Helen,Boyd,hboydnw@prweb.com
46e2b77f-c00d-435e-bf85-7b23231f4cb4,Elizabeth,Lynch,elynchnx@nps.gov
c8c0b992-ef30-4809-acc2-50f659f15e95,Jimmy,Lopez,jlopezny@github.io
cd571aca-8579-4dd2-b356-285600752825,Elizabeth,Grant,egrantnz@chicagotribune.com
766d3f4e-1551-4a89-a7dc-1e1b5737241c,Harry,Harrison,hharrisono0@skype.com
f32c9e80-5d81-4220-96b2-dc086e55fa16,Emily,Peters,epeterso1@census.gov
40826a29-1337-4708-8dd5-0e1582143dd3,Rose,Richards,rrichardso2@zimbio.com
b3751b0d-8f6f-4c75-b6bf-0b66dbe46cfc,Gloria,Welch,gwelcho3@webmd.com
7652543b-2e37-4c00-9652-a4b988654e67,Mary,Hicks,mhickso4@constantcontact.com
55803f38-5f2a-420e-a3da-0dd497e30ee6,Carlos,Miller,cmillero5@csmonitor.com
66f86c6c-8bfe-49a2-9340-22e65fa0b285,Kevin,Anderson,kandersono6@scribd.com
bf72c76b-2283-4221-93b4-31da5ea17cfe,Heather,Stephens,hstephenso7@linkedin.com
ebf9de14-d2ea-455f-8fea-df753408362b,Eric,Cruz,ecruzo8@marketwatch.com
d8d3cc0a-8d49-4cc8-9d41-a484b67e40c9,Jesse,Rogers,jrogerso9@goodreads.com
90a8ed5e-d84b-454d-ba53-38e209c2abea,Clarence,Tucker,ctuckeroa@xing.com
2af27e56-ebc2-4430-87fd-871211fcc5aa,Christopher,Johnson,cjohnsonob@ebay.co.uk
e9ff5d4d-5458-4f86-91a0-14f14c8d863c,Harry,Washington,hwashingtonoc@statcounter.com
8b9886be-8a6f-4cd8-a635-2dea5af8a099,Evelyn,Rice,ericeod@amazon.co.jp
871ae8f6-c17e-4d5c-ab8b-406a197b00a1,Steve,Banks,sbanksoe@soup.io
ae5007c7-9f64-44d8-86b9-2910f590eb90,Arthur,Stewart,astewartof@acquirethisname.com
55ffe610-4482-46d1-b165-8cd190d677bb,Wanda,Henderson,whendersonog@zdnet.com
6685be59-36fd-4932-9078-ac8a22d6533b,Samuel,Mendoza,smendozaoh@apple.com
fefec330-6d8d-4547-9d86-cbe540676d3c,Diana,Edwards,dedwardsoi@alexa.com
3e3ec893-297b-4ee1-9fe3-3714153592c9,Carolyn,Freeman,cfreemanoj@webs.com
d3151c00-1867-409f-8eed-fbb8a244be8c,Gerald,Lynch,glynchok@nytimes.com
8d27f9be-908f-40bb-9f22-0d180c1059af,Cheryl,Hernandez,chernandezol@booking.com
5cfe0494-99b3-463f-9dc1-fb2b409e0a6d,Ralph,Scott,rscottom@netvibes.com
25311a2a-1179-4a35-806e-410ffbc56ebf,James,Mills,jmillson@washingtonpost.com
1def4d23-ba67-4b28-8fb6-d05b3a2dae5f,Nancy,Rice,nriceoo@adobe.com
dfbf34ed-8f3d-44cd-902e-387a921e827d,Jonathan,Watson,jwatsonop@mtv.com
3e9617b1-4f9f-423a-8e10-e68624879f49,Kevin,Baker,kbakeroq@ehow.com
ab8bc3ce-bbff-4def-82a0-6879958af24f,Antonio,Little,alittleor@go.com
78ac756a-2c84-458d-a1d7-ce90b2488e37,Tina,Cox,tcoxos@parallels.com
eafe8041-19b5-45f3-b965-c8d91b7752e3,Bonnie,Wagner,bwagnerot@apple.com
b2deba43-b943-4109-99b8-c256961d6d61,Roy,Collins,rcollinsou@indiegogo.com
39f4c181-b4cb-43b0-896c-544ed1a36f4b,Bobby,Watkins,bwatkinsov@go.com
4fbe3300-e065-4d43-9c09-cdb23e049011,Shirley,Alvarez,salvarezow@yellowpages.com
c765576f-fb4a-4a3b-8505-7c8fba9afda3,Carlos,Sullivan,csullivanox@eepurl.com
ef9fcf51-e18d-42fc-b49f-60be21b576bf,Eugene,Carr,ecarroy@dell.com
88da26f3-7178-4aff-b771-fe7798f2b4c7,Clarence,Oliver,coliveroz@narod.ru
c43f2477-f81e-4fa5-a6b6-f70509d2e78d,Cynthia,Snyder,csnyderp0@skyrock.com
56a022de-7ca1-4126-9441-826f01974b8e,Susan,Garza,sgarzap1@arstechnica.com
7c98a8e2-32b8-4eb3-89db-c406b94a83fd,Arthur,Mason,amasonp2@cisco.com
674c8f88-9c9a-4953-a0f1-be2ebaedd48c,Russell,Dixon,rdixonp3@squidoo.com
e017b1f3-6bbb-4b40-a454-45313570f427,Pamela,Garza,pgarzap4@surveymonkey.com
32a8b8bc-29e3-4b97-a95e-05035c23fd11,Patricia,Meyer,pmeyerp5@cbc.ca
617faf73-dc75-4320-9367-8cc70ad7ef53,Shirley,Black,sblackp6@cbsnews.com
e20a6293-40ee-4193-a837-3f7b51e4019e,Theresa,Richardson,trichardsonp7@washingtonpost.com
884b3335-433c-4b7f-8e76-e1e9769c3515,Debra,Powell,dpowellp8@bandcamp.com
05776907-4fa7-4513-81d9-9c43bcee415e,Russell,Burke,rburkep9@technorati.com
8418f743-1459-4e86-95a6-bc5a3c0675fb,Johnny,Morgan,jmorganpa@bloglovin.com
d325a3e5-425b-487a-b47a-6b3553d9f252,Cynthia,Schmidt,cschmidtpb@amazonaws.com
b6d20ea1-8748-4f8c-9ed2-2b9335e13d1c,Billy,Watkins,bwatkinspc@geocities.jp
7632de4a-1231-4dd0-a079-001c3295eea6,Amy,Pierce,apiercepd@hhs.gov
ffeaebd2-ff5c-4ba0-9b1f-2942a8b66c9d,Todd,Henry,thenrype@nhs.uk
a22321be-189f-499c-aaca-5cc797ab6b61,Louis,Shaw,lshawpf@jimdo.com
06e46616-7318-441e-8dfc-0924ed454bbb,Amy,Cooper,acooperpg@cornell.edu
0bf42e7b-7ea8-49c6-bcb1-93b8c7e6d2aa,George,Williamson,gwilliamsonph@toplist.cz
3e9e2008-1514-4641-babc-838523af0930,Mary,Simpson,msimpsonpi@apache.org
c4203947-97cd-498b-ab40-b7baf9e86ff8,Janet,Mills,jmillspj@google.fr
918076d0-10ab-4296-9ff7-7702aded2812,Jonathan,Parker,jparkerpk@a8.net
a4e0d14b-9ade-4fa7-8868-039f102e754d,Phillip,Fisher,pfisherpl@unicef.org
eae5af57-0269-4e8b-804d-5ece10f65245,Harold,Dixon,hdixonpm@slashdot.org
9eb97cea-b8b7-4fe4-8b67-eb6bc540d211,Johnny,Reed,jreedpn@geocities.com
541e1001-9582-4019-bc18-31cd34fc8547,Patrick,Hudson,phudsonpo@ehow.com
3df2bf24-4db7-4795-94fd-036b05702c78,Peter,Watkins,pwatkinspp@blinklist.com
0648e250-60f8-48c5-bb7c-e2b89d8b6818,Justin,Vasquez,jvasquezpq@howstuffworks.com
73dd51f1-07ed-465e-99fa-5c1e70f67ba0,Tina,Garrett,tgarrettpr@fotki.com
ea37f765-3924-4d1b-b7ca-36404095b0d7,Eric,Harper,eharperps@fastcompany.com
d0eae797-4cef-4c6e-a17c-934d3b1ac2c1,Mildred,Porter,mporterpt@hhs.gov
868c46a7-233c-4993-a56c-0300970cbbce,Earl,Chavez,echavezpu@ow.ly
dfb80314-7b23-4d94-af03-6298ffcc7894,Patricia,Perkins,pperkinspv@cdc.gov
83da98cb-ef11-470b-8465-96a8c07d539c,Billy,Armstrong,barmstrongpw@engadget.com
dd711de1-b175-497a-a6f0-2223633ae36b,Scott,Miller,smillerpx@edublogs.org
dd395c28-5a95-4e0c-a2ec-480103b4d018,Donna,James,djamespy@hud.gov
823d0258-d769-485e-a000-67a6180b0bd7,George,Snyder,gsnyderpz@plala.or.jp
2e47afe2-181e-4210-bee1-588429bd4230,Philip,Hunter,phunterq0@columbia.edu
b11d5e81-8c90-48da-8aea-0c8ad0f5bbb0,Kimberly,Armstrong,karmstrongq1@samsung.com
105beae3-7cfb-4c23-99a6-7ad3a0c7582f,Theresa,Ramos,tramosq2@army.mil
6b231cd7-a030-441d-b117-489883cdd701,Steven,Medina,smedinaq3@indiegogo.com
b21814d7-3e5e-4e3e-8e3e-6f7ce4635d9e,Jack,Williamson,jwilliamsonq4@ihg.com
b026dcda-6f28-44fa-85a0-cae3129a34e0,Karen,Barnes,kbarnesq5@oracle.com
b377f707-642e-4ebb-ae3b-1d6e6631af5e,Anna,Dean,adeanq6@youku.com
87d04f57-1e7a-4ad5-be14-193dc1eaabad,Keith,Jordan,kjordanq7@bigcartel.com
12696c4e-ba68-476c-bf3d-23cda3020e27,Judy,Taylor,jtaylorq8@webnode.com
26a158fb-152f-43a5-b189-7c7f8a6f9592,Marilyn,Mccoy,mmccoyq9@odnoklassniki.ru
bc28b098-aa86-4655-a38c-4dad9077ed1f,Mildred,Johnston,mjohnstonqa@topsy.com
807621b5-87e4-4b87-a777-ef4499a8af05,Nicole,Williams,nwilliamsqb@phoca.cz
793e4c59-698b-4690-80af-7b21a5b26846,Jacqueline,Hunt,jhuntqc@cargocollective.com
ca23a45d-4440-455b-a3ba-86b0ee9127e8,Doris,Williams,dwilliamsqd@desdev.cn
2d694e66-8eae-446a-b437-09daa727bb8c,Jean,Greene,jgreeneqe@statcounter.com
4aa022bb-46f5-4628-9a06-e000d57a56f9,Patrick,Stephens,pstephensqf@columbia.edu
432518e8-9222-40d8-9a84-55dce06bb40f,Jean,Robertson,jrobertsonqg@jiathis.com
69600e10-2f48-43cd-a667-90aba8dd64c7,James,Dunn,jdunnqh@qq.com
48ef0f8b-33d4-47f4-92b6-5678525b6a8b,Martin,Tucker,mtuckerqi@godaddy.com
c91ba508-0896-4cf6-9310-564be87226b3,Laura,Gardner,lgardnerqj@booking.com
1255b9e7-e9fa-4d5d-83a4-92b4bb495677,Louise,Ward,lwardqk@fda.gov
479a266c-a8f4-4be3-9b33-bd1c244ae1db,Michael,Owens,mowensql@vistaprint.com
dbb5c40d-caa0-4690-9a6c-f28a65b1a50e,Daniel,James,djamesqm@macromedia.com
70a3502a-2993-453f-90db-55650c65aa48,Samuel,Sanchez,ssanchezqn@so-net.ne.jp
c4fde046-a854-4210-9821-94d653ce2f5c,Julie,Campbell,jcampbellqo@nasa.gov
b3e0f7b6-b577-4b18-a9b5-2aabbf0d5016,Cheryl,Hernandez,chernandezqp@cdbaby.com
fa090b73-0c61-4c79-9b37-a3dc8e94238c,Theresa,Moreno,tmorenoqq@wix.com
a0dce69e-fab7-424f-ab72-113e933577cf,Philip,Williams,pwilliamsqr@cnn.com
409e396d-4dbe-4fba-a7d3-bd216abac04f,Albert,Black,ablackqs@cbsnews.com
9e8c9f62-ee5a-428a-b850-0eaad76dd1b7,Dorothy,Crawford,dcrawfordqt@microsoft.com
80ffefa4-d6ee-4cb6-bea5-d175ece2e4b5,Carl,Wood,cwoodqu@theglobeandmail.com
e535f1d6-b8ea-44de-9354-d6bf102556f9,Matthew,Ray,mrayqv@networkadvertising.org
87561666-3033-4e2f-a66a-521a98b56098,Ann,Woods,awoodsqw@istockphoto.com
e5e385b0-aee9-454b-af07-0d5375560d3a,Gerald,Johnston,gjohnstonqx@networksolutions.com
b67636b2-66b1-4b9d-a57b-64dd79633ae5,Alan,Barnes,abarnesqy@sohu.com
be9c152e-cb19-4cb6-b2da-23a2dda34d05,Kenneth,Wilson,kwilsonqz@cornell.edu
6c6acf4b-9f2b-45bb-a211-0666930a8eb9,Carolyn,Frazier,cfrazierr0@whitehouse.gov
05221a83-5bd9-48a6-a720-9621b6bb6281,Dorothy,Gomez,dgomezr1@time.com
d839167d-adb4-4f1e-9191-4d7f243cd868,Randy,Allen,rallenr2@weibo.com
3dba66b5-4a27-4e0f-b1f4-3a80c33e832d,Louis,Jones,ljonesr3@chron.com
5d751b39-7c77-4aa7-922f-3e1727f0ca3d,Jennifer,Henderson,jhendersonr4@omniture.com
34ce73a2-2e10-45e6-9b09-63f3c4bacf6b,Edward,White,ewhiter5@mediafire.com
4c357a2e-6f3b-4600-bbeb-a2c2bac0874d,Andrea,Berry,aberryr6@auda.org.au
2a58ee9a-3f05-4e55-b7db-87ec38b0bd02,Melissa,Barnes,mbarnesr7@linkedin.com
14e3db19-0435-4d0b-a7f5-3975f8b58797,Norma,Chavez,nchavezr8@google.co.jp
39b6ecbc-a39c-421d-b97e-3654fbd5322e,Catherine,Kelley,ckelleyr9@php.net
2e02026e-5d7e-4044-acb0-106965d1b157,Brian,Washington,bwashingtonra@home.pl
ba7d8906-e1ee-4a63-987e-e2cb4e8fe520,Christina,Duncan,cduncanrb@cargocollective.com
d37efd2f-84d2-46f9-a841-e940b4845873,Charles,Simmons,csimmonsrc@disqus.com
b4d5bcbd-1299-4811-a20d-74a1da3c6c6a,Peter,Sanders,psandersrd@ow.ly
c336a94f-785b-42dc-9355-bcde3af6e261,Kathryn,Sanders,ksandersre@imdb.com
ccd01a0e-8156-45be-a4ce-749c577cdac5,Nicholas,Cunningham,ncunninghamrf@rediff.com
90a615fd-5420-4beb-8bca-77576989595a,Brenda,Pierce,bpiercerg@amazon.com
bfa3458b-3c49-45ea-b4a3-0bca901d0ff1,Howard,Hart,hhartrh@artisteer.com
18e5320f-6871-4a91-bf84-8585b2e999a5,Harry,Turner,hturnerri@europa.eu
b71bf838-aa87-461b-b5b5-cc3a94bf015f,Rachel,White,rwhiterj@time.com
fa373c6a-27b9-4df2-8e7a-602b7353c476,Justin,Larson,jlarsonrk@instagram.com
6cde6fc9-246c-4720-b726-7f23ee17f3ef,Diane,Watson,dwatsonrl@mail.ru
e05d2aaa-1f81-4d3c-9bb6-8da855b515f2,Martha,Spencer,mspencerrm@mysql.com
efefd437-5174-4f7a-bbcc-f997b8c64dab,Joan,Sanchez,jsanchezrn@shop-pro.jp
50c6a339-b5eb-4497-9ee6-887dae0137f1,Jean,Patterson,jpattersonro@dyndns.org
cbcac407-c99f-4819-907c-edcb0bc180af,Joe,Richards,jrichardsrp@rakuten.co.jp
74035ad4-9af2-4f06-8dee-11b0248917ed,Cynthia,Sims,csimsrq@joomla.org
202f065d-b818-41dd-86e7-1f7792432a55,Raymond,Thompson,rthompsonrr@webnode.com
